Date,ASIANPAINT,BAJAJ-AUTO,HCLTECH,INFY,TCS,TITAN
2017-07-03 00:00:00+00:00,1122,2793.5,419.9,476.8,1187.5,531.05
2017-07-04 00:00:00+00:00,1109.95,2779.6,420,480.5,1180.4,534.25
2017-07-05 00:00:00+00:00,1132,2773,419,476,1179,531.65
2017-07-06 00:00:00+00:00,1129,2727,420.28,473.4,1175.03,533.85
2017-07-07 00:00:00+00:00,1114.15,2710,416,467.55,1166,534
2017-07-10 00:00:00+00:00,1127,2731,424.28,477.03,1217.5,536.5
2017-07-11 00:00:00+00:00,1134,2798.05,425,489.3,1241.25,528
2017-07-12 00:00:00+00:00,1137,2788,428.03,486.5,1220.5,530.55
2017-07-13 00:00:00+00:00,1123,2788.85,429.75,490,1219.5,534
2017-07-14 00:00:00+00:00,1119.5,2811.2,425,485.05,1199.55,532.6
2017-07-17 00:00:00+00:00,1125.5,2826.2,434.48,492.78,1200,531.5
2017-07-18 00:00:00+00:00,1146.5,2831,440.13,492,1207.55,528
2017-07-19 00:00:00+00:00,1152.95,2834.95,449.35,489.8,1224.62,532.15
2017-07-20 00:00:00+00:00,1156.15,2816,442.45,484.25,1218.5,529.5
2017-07-21 00:00:00+00:00,1156.05,2815,451.5,489.95,1248,545.5
2017-07-24 00:00:00+00:00,1158.1,2819.05,451.1,495.25,1267.5,536.85
2017-07-25 00:00:00+00:00,1148,2840,448.5,496.43,1288.65,535
2017-07-26 00:00:00+00:00,1136.55,2845,444,497,1276.7,536.7
2017-07-27 00:00:00+00:00,1153,2852.4,449.5,484.93,1238.5,528.3
2017-07-28 00:00:00+00:00,1156,2831,445.5,497.85,1240,533.8
2017-07-31 00:00:00+00:00,1163,2812,445.3,507.5,1247.47,544
2017-08-01 00:00:00+00:00,1150,2826,444,502.25,1247.57,538.3
2017-08-02 00:00:00+00:00,1145,2799.75,440.5,494.58,1237.5,553
2017-08-03 00:00:00+00:00,1148,2834,437.65,490.9,1245.95,556.6
2017-08-04 00:00:00+00:00,1159.95,2873.65,444,491.75,1262.5,610.75
2017-08-07 00:00:00+00:00,1150,2890,443,483.25,1253.7,612.35
2017-08-08 00:00:00+00:00,1150,2921,441.25,481.75,1250.07,610.2
2017-08-09 00:00:00+00:00,1155.55,2820,439.73,485.35,1254.18,618.85
2017-08-10 00:00:00+00:00,1152.5,2808.8,443,492.48,1260,614
2017-08-11 00:00:00+00:00,1146,2790,435.5,493.25,1246.32,611.65
2017-08-14 00:00:00+00:00,1155,2827,431,491,1234,633
2017-08-16 00:00:00+00:00,1140,2831.65,433.45,489.68,1245.07,627.85
2017-08-17 00:00:00+00:00,1134,2828,436.68,510.53,1242.78,623.45
2017-08-18 00:00:00+00:00,1135.55,2803.95,438,461.7,1257.5,623.85
2017-08-21 00:00:00+00:00,1137,2760.1,435.75,435.45,1256.6,614
2017-08-22 00:00:00+00:00,1126,2735,438.65,438.2,1250,616
2017-08-23 00:00:00+00:00,1140.1,2759.5,441.25,446.6,1245.8,607.5
2017-08-24 00:00:00+00:00,1131.2,2726,433.1,456,1249.03,605.95
2017-08-28 00:00:00+00:00,1155.9,2738.15,433.53,470.13,1245.5,612
2017-08-29 00:00:00+00:00,1150.2,2720,425.58,463.05,1237.53,600.65
2017-08-30 00:00:00+00:00,1154,2753,426,463.5,1242.5,611
2017-08-31 00:00:00+00:00,1170.75,2799.05,427.5,457.38,1249,618.9
2017-09-01 00:00:00+00:00,1215,2916.95,433.88,459.98,1230.3,613.5
2017-09-04 00:00:00+00:00,1197,2910,428.75,449.98,1228.5,612.1
2017-09-05 00:00:00+00:00,1206.05,2950,430,450.5,1242.32,638.9
2017-09-06 00:00:00+00:00,1203.95,2915,426,448.45,1226.5,641.9
2017-09-07 00:00:00+00:00,1196.1,2964.75,429.03,447.5,1230,637.7
2017-09-08 00:00:00+00:00,1204.05,2910,429.9,441.5,1232.57,631.6
2017-09-11 00:00:00+00:00,1238.5,2933,431.23,439.68,1227.5,632.65
2017-09-12 00:00:00+00:00,1255.8,2935.95,430.75,441.75,1248.5,637.45
2017-09-13 00:00:00+00:00,1250,2937.55,437.05,442.25,1246.35,629
2017-09-14 00:00:00+00:00,1241,2925.9,440.55,446.15,1242.5,631.1
2017-09-15 00:00:00+00:00,1247.45,3030,445.5,454.28,1252,631.65
2017-09-18 00:00:00+00:00,1252.5,3138,448.15,454.5,1252.5,644.1
2017-09-19 00:00:00+00:00,1253.5,3120,446,456.58,1249,640.05
2017-09-20 00:00:00+00:00,1238.2,3093,445,456.65,1248,629.9
2017-09-21 00:00:00+00:00,1229,3077,435.98,455.5,1262.5,618.45
2017-09-22 00:00:00+00:00,1215,3025,441.45,449.5,1254.97,601.5
2017-09-25 00:00:00+00:00,1201,3042.55,437,450.5,1254,603
2017-09-26 00:00:00+00:00,1171,3043,435.95,450.88,1237.5,591.2
2017-09-27 00:00:00+00:00,1159.5,3030,436.5,447.95,1247.55,588
2017-09-28 00:00:00+00:00,1126.8,3037,440,447.75,1236.38,572.1
2017-09-29 00:00:00+00:00,1131.05,3113.75,435.5,449.5,1218.8,584.2
2017-10-03 00:00:00+00:00,1152,3160,442,451.8,1226,600.25
2017-10-04 00:00:00+00:00,1154.1,3179.95,443.03,451.25,1221,600.25
2017-10-05 00:00:00+00:00,1152.85,3145,447,451.68,1215,595
2017-10-06 00:00:00+00:00,1154.9,3139.45,452.48,460.25,1225.5,595.4
2017-10-09 00:00:00+00:00,1157,3130,450.45,462.13,1224.55,616
2017-10-10 00:00:00+00:00,1164,3130.4,449.55,467.58,1226.7,614.8
2017-10-11 00:00:00+00:00,1155.5,3140.95,454.98,464.8,1250,610.65
2017-10-12 00:00:00+00:00,1159.5,3155,458.5,464.15,1272.22,623
2017-10-13 00:00:00+00:00,1175.95,3150,465,464.73,1280,623
2017-10-16 00:00:00+00:00,1169,3237.75,461.2,469.5,1295,627.55
2017-10-17 00:00:00+00:00,1197.7,3255.1,461.5,465.5,1297.28,626.9
2017-10-18 00:00:00+00:00,1179.65,3226.8,461.85,462.18,1293.3,612.9
2017-10-23 00:00:00+00:00,1174.15,3217.65,468.63,469.75,1293.95,604.05
2017-10-24 00:00:00+00:00,1230,3201.1,455.5,462.15,1287.5,605.7
2017-10-25 00:00:00+00:00,1199.25,3240,451.58,467.33,1280,589.95
2017-10-26 00:00:00+00:00,1187.25,3295,433,474.28,1263.6,583
2017-10-27 00:00:00+00:00,1189,3309.7,428.48,473.48,1290,590.65
2017-10-30 00:00:00+00:00,1183,3280,419.38,471.95,1310,619.2
2017-10-31 00:00:00+00:00,1182,3260,427.65,461,1309.38,637.25
2017-11-01 00:00:00+00:00,1176.4,3255,420.5,463,1303.88,638
2017-11-02 00:00:00+00:00,1180,3218,429.03,461.55,1311.53,661.25
2017-11-03 00:00:00+00:00,1172,3223.35,424.1,463.4,1311,657.5
2017-11-06 00:00:00+00:00,1159.95,3202,422,464.4,1330.07,780
2017-11-07 00:00:00+00:00,1142,3161.15,438.5,477.68,1355,753
2017-11-08 00:00:00+00:00,1168,3192,438.1,475.98,1368.5,744.85
2017-11-09 00:00:00+00:00,1196.5,3208,439,477,1370,777
2017-11-10 00:00:00+00:00,1185,3266,433.55,481.5,1356,782.05
2017-11-13 00:00:00+00:00,1174.95,3222,435,476.25,1378.28,765
2017-11-14 00:00:00+00:00,1155,3268,434.75,474.55,1355,774.9
2017-11-15 00:00:00+00:00,1183,3220,424,475.38,1355,770
2017-11-16 00:00:00+00:00,1178.1,3212.05,426.5,495,1369.95,771
2017-11-17 00:00:00+00:00,1167,3208,420.4,482.75,1354.1,784.7
2017-11-20 00:00:00+00:00,1164,3245,421.38,480.48,1348.95,784
2017-11-21 00:00:00+00:00,1162.5,3305,420,482.75,1335.12,819
2017-11-22 00:00:00+00:00,1175.5,3311,420.5,482.65,1340.7,811.95
2017-11-23 00:00:00+00:00,1160.7,3271,426.5,495.73,1338.28,804.9
2017-11-24 00:00:00+00:00,1161,3284,430,504,1344.1,830.25
2017-11-27 00:00:00+00:00,1158,3270,431.05,498.45,1341.53,832.8
2017-11-28 00:00:00+00:00,1170,3289.95,429,491.33,1340.53,820
2017-11-29 00:00:00+00:00,1151.1,3305,425,491.75,1326.82,815.4
2017-11-30 00:00:00+00:00,1151.5,3335,423.05,486.5,1317.5,819
2017-12-01 00:00:00+00:00,1136.95,3215,416.08,480,1315,804.45
2017-12-04 00:00:00+00:00,1124.5,3204.2,424.45,492.2,1315,804.55
2017-12-05 00:00:00+00:00,1115.8,3158.85,421.75,492.15,1316.5,792.7
2017-12-06 00:00:00+00:00,1104.35,3103,428.03,493.9,1317.12,773.05
2017-12-07 00:00:00+00:00,1143,3198.85,432.65,499.93,1308.97,806
2017-12-08 00:00:00+00:00,1135.5,3215,435.45,499.7,1298.5,807.6
2017-12-11 00:00:00+00:00,1127.2,3209.2,440.5,502.5,1335,818.1
2017-12-12 00:00:00+00:00,1118.15,3165.75,436.98,505.25,1304.78,821.05
2017-12-13 00:00:00+00:00,1115.9,3148,433.1,502.5,1316.75,821.6
2017-12-14 00:00:00+00:00,1119,3170,441.98,506,1279.1,817.05
2017-12-15 00:00:00+00:00,1120,3177.6,445.93,509.5,1271.97,831.45
2017-12-18 00:00:00+00:00,1137,3230,440.38,507,1288.3,837.5
2017-12-19 00:00:00+00:00,1137.5,3307.1,436.25,502.5,1288.7,871
2017-12-20 00:00:00+00:00,1138,3301.3,435.13,508.18,1296,863.95
2017-12-21 00:00:00+00:00,1135.05,3285,444,510.75,1293.4,857.05
2017-12-22 00:00:00+00:00,1138.5,3342,442.5,518.93,1320.03,854.95
2017-12-26 00:00:00+00:00,1150.95,3354.95,443.03,517.5,1325.18,857
2017-12-27 00:00:00+00:00,1146,3332.1,441,517,1307.5,843.3
2017-12-28 00:00:00+00:00,1144.35,3283.1,438.93,515.23,1315.5,854
2017-12-29 00:00:00+00:00,1160,3331.75,447.5,520.63,1350,858.35
2018-01-01 00:00:00+00:00,1145,3290,438.45,516.08,1322.5,853.8
2018-01-02 00:00:00+00:00,1144,3286.35,447,514.13,1315.5,845.35
2018-01-03 00:00:00+00:00,1142,3232,448,511.25,1319.5,854.5
2018-01-04 00:00:00+00:00,1175.3,3266.05,446.58,507.5,1325,894.55
2018-01-05 00:00:00+00:00,1187.15,3280,449.75,507.48,1345.75,909
2018-01-08 00:00:00+00:00,1182,3275,448.08,517.78,1354.4,924.7
2018-01-09 00:00:00+00:00,1192,3245,446.85,519.95,1354.47,932
2018-01-10 00:00:00+00:00,1178.9,3205,456.5,526.5,1401.5,915
2018-01-11 00:00:00+00:00,1186,3193,457,538.25,1396,905.4
2018-01-12 00:00:00+00:00,1188.55,3175,463.38,539.33,1384.95,901.95
2018-01-15 00:00:00+00:00,1196.2,3164.95,454.95,540.5,1368.7,919
2018-01-16 00:00:00+00:00,1187.6,3169,474.65,562.5,1430,892.85
2018-01-17 00:00:00+00:00,1196,3195,477.5,574,1447.5,895
2018-01-18 00:00:00+00:00,1191.4,3209.95,478.63,575.25,1463.28,884.7
2018-01-19 00:00:00+00:00,1190,3209,479.5,572.18,1487.43,893.5
2018-01-22 00:00:00+00:00,1177.85,3265,486,574.05,1545,910
2018-01-23 00:00:00+00:00,1171,3302,497.45,587.98,1548.5,905
2018-01-24 00:00:00+00:00,1151,3333.1,510,590.63,1587.47,883
2018-01-25 00:00:00+00:00,1154,3304.95,510,586.85,1565.5,888
2018-01-29 00:00:00+00:00,1150,3365.15,502.88,590.28,1599.62,896.2
2018-01-30 00:00:00+00:00,1128,3355,500,584,1577.5,881
2018-01-31 00:00:00+00:00,1130.8,3330.35,492.03,573.73,1555.57,867.65
2018-02-01 00:00:00+00:00,1152,3417.65,495.93,571.63,1575,827.5
2018-02-02 00:00:00+00:00,1137,3235,495.63,572.5,1572.5,825.3
2018-02-05 00:00:00+00:00,1134.15,3190,496.15,569.5,1555,806
2018-02-06 00:00:00+00:00,1110.5,3149,476.15,555.7,1500,781.45
2018-02-07 00:00:00+00:00,1123.8,3140,469.25,554,1479.5,784.5
2018-02-08 00:00:00+00:00,1125,3161.25,471.15,566.08,1483.1,800.8
2018-02-09 00:00:00+00:00,1136,3103.95,482.75,556,1490,796
2018-02-12 00:00:00+00:00,1142.5,3143.3,469.98,550.5,1480.07,808
2018-02-14 00:00:00+00:00,1137.3,3102,467,545.5,1450,810
2018-02-15 00:00:00+00:00,1138.25,3142,470.5,556.75,1461,817
2018-02-16 00:00:00+00:00,1145,3103,466.5,563,1465.5,803.2
2018-02-19 00:00:00+00:00,1117.35,3030.25,457,567.15,1461,801.8
2018-02-20 00:00:00+00:00,1133.65,3047.85,454.03,567.95,1471.5,832.5
2018-02-21 00:00:00+00:00,1123,3022,472.6,572.53,1520.5,822.95
2018-02-22 00:00:00+00:00,1117,2968,472.53,579.5,1520.03,816.95
2018-02-23 00:00:00+00:00,1100.95,3005,476.5,577.2,1543.35,814.65
2018-02-26 00:00:00+00:00,1107,3008,474.48,569.98,1512.8,822.95
2018-02-27 00:00:00+00:00,1111.5,3029.55,476,573.9,1521,822.4
2018-02-28 00:00:00+00:00,1116.05,3013,470.98,584.93,1516.7,816.15
2018-03-01 00:00:00+00:00,1119.3,3018,471.15,580.13,1516.5,809
2018-03-05 00:00:00+00:00,1106,2941.95,468.95,579.85,1551.5,810
2018-03-06 00:00:00+00:00,1102.5,2909.8,466,573.1,1520.5,800.5
2018-03-07 00:00:00+00:00,1108,2909,475,573.5,1513.7,816.95
2018-03-08 00:00:00+00:00,1128.95,2928.95,474.75,578.58,1501,816.9
2018-03-09 00:00:00+00:00,1124.95,2924.2,473.5,582,1517.5,818.6
2018-03-12 00:00:00+00:00,1131,2960.55,483.75,592,1525,829.9
2018-03-13 00:00:00+00:00,1142,2970,480,591,1443.05,852.05
2018-03-14 00:00:00+00:00,1137,2950,482.5,590.55,1443.93,866.1
2018-03-15 00:00:00+00:00,1161,2949,478.58,590.95,1433.45,874
2018-03-16 00:00:00+00:00,1121.15,2905,481.1,585,1414.5,878.1
2018-03-19 00:00:00+00:00,1105,2845.6,461.5,574,1414.38,864.7
2018-03-20 00:00:00+00:00,1105,2880,469.65,582.28,1435.47,871.05
2018-03-21 00:00:00+00:00,1102.5,2837.75,470.25,582.6,1428.05,870.15
2018-03-22 00:00:00+00:00,1106.95,2835,463.6,578.08,1412,889
2018-03-23 00:00:00+00:00,1113.75,2782.7,478.3,582.5,1404.6,895
2018-03-26 00:00:00+00:00,1118.95,2846.3,485,577.8,1408.5,940.75
2018-03-27 00:00:00+00:00,1132.8,2805,485.03,576.05,1422.43,944
2018-03-28 00:00:00+00:00,1119.25,2749.75,483.15,570.35,1424.68,926.3
2018-04-02 00:00:00+00:00,1150.2,2810,491.85,568.35,1451.5,941.35
2018-04-03 00:00:00+00:00,1156.4,2801,484.25,569.7,1454.28,929.25
2018-04-04 00:00:00+00:00,1136,2765,479.63,561.5,1453.45,903.7
2018-04-05 00:00:00+00:00,1144.6,2813.15,481.45,573,1477.05,921
2018-04-06 00:00:00+00:00,1146,2780.75,475.75,563.78,1469.85,938.95
2018-04-09 00:00:00+00:00,1154.25,2773.8,476.5,555.73,1462.53,959.5
2018-04-10 00:00:00+00:00,1156.1,2763,475.5,557.33,1466.7,962
2018-04-11 00:00:00+00:00,1152.75,2757.95,484.68,562.25,1505,981.4
2018-04-12 00:00:00+00:00,1165.15,2761.3,503.5,582.5,1567.55,976.6
2018-04-13 00:00:00+00:00,1161,2790,494.85,584,1572.75,987
2018-04-16 00:00:00+00:00,1176.2,2837,498.53,567.25,1592.75,980
2018-04-17 00:00:00+00:00,1176,2865,505.95,562.33,1581.8,997.85
2018-04-18 00:00:00+00:00,1169.7,2852,499.68,562.98,1581.35,977.8
2018-04-19 00:00:00+00:00,1165.95,2858,508,566.7,1595.57,952
2018-04-20 00:00:00+00:00,1158.75,2856,528.5,589.83,1707,961
2018-04-23 00:00:00+00:00,1177.6,2852,540.5,592.5,1699.18,963
2018-04-24 00:00:00+00:00,1168.05,2886.85,531.1,577,1689.75,964
2018-04-25 00:00:00+00:00,1164.4,2896.25,535,577.98,1732.88,960
2018-04-26 00:00:00+00:00,1170,2883.4,537.33,588.53,1761.97,970.9
2018-04-27 00:00:00+00:00,1178.2,2953,520.55,592.43,1729,967.5
2018-04-30 00:00:00+00:00,1201.1,2946.85,526.5,599.98,1764.5,981.2
2018-05-02 00:00:00+00:00,1218.55,2969.9,502.68,596.05,1750,965
2018-05-03 00:00:00+00:00,1202.55,2985,460.5,589,1740.88,959.4
2018-05-04 00:00:00+00:00,1189.8,2893.3,463.78,584.8,1739.5,958.15
2018-05-07 00:00:00+00:00,1214.5,2919.4,464.65,592,1714,967.9
2018-05-08 00:00:00+00:00,1207.95,2895.65,460,583.75,1720.2,974.8
2018-05-09 00:00:00+00:00,1225,2882,464.2,586,1744.25,985.75
2018-05-10 00:00:00+00:00,1215.25,2825,465.35,585,1723.15,981
2018-05-11 00:00:00+00:00,1285,2817,466.35,591.6,1730.5,958
2018-05-14 00:00:00+00:00,1299,2829.9,462.5,595.25,1720,922.65
2018-05-15 00:00:00+00:00,1314,2816,461.95,597.6,1743.5,931.05
2018-05-16 00:00:00+00:00,1330.7,2813.9,459.55,595.3,1748.5,931.2
2018-05-17 00:00:00+00:00,1308,2824.5,453.5,590,1740.4,936.15
2018-05-18 00:00:00+00:00,1311,2785,446,590,1747.5,940
2018-05-21 00:00:00+00:00,1305,2722,448.5,591.6,1775,915.25
2018-05-22 00:00:00+00:00,1284.4,2813,452.2,597.5,1757.2,917.1
2018-05-23 00:00:00+00:00,1276.05,2772,448.5,591.23,1749.47,919
2018-05-24 00:00:00+00:00,1301,2744.95,456.5,610,1805.38,919.6
2018-05-25 00:00:00+00:00,1286,2757.5,458,614.5,1794.95,924
2018-05-28 00:00:00+00:00,1321.05,2796.45,448.5,606.05,1749.68,928.05
2018-05-29 00:00:00+00:00,1297.05,2795,454.5,609.7,1759.97,914
2018-05-30 00:00:00+00:00,1292.25,2766.7,455.28,605.2,1753.75,913.65
2018-05-31 00:00:00+00:00,1307,2771.3,453.95,619,1746,907
2018-06-01 00:00:00+00:00,1291.5,2896.5,452.18,611.1,1732.15,901
2018-06-04 00:00:00+00:00,1277.55,2876,450.33,621,1742,885.9
2018-06-05 00:00:00+00:00,1271.2,2854.1,443.65,609.43,1723,863.95
2018-06-06 00:00:00+00:00,1268,2890.5,452.4,619.05,1725,902
2018-06-07 00:00:00+00:00,1289.25,2888.45,460.55,624,1734.05,887
2018-06-08 00:00:00+00:00,1277.5,2875.5,464.93,629.4,1744.45,895
2018-06-11 00:00:00+00:00,1281,2876.6,454.95,630.5,1750.9,902
2018-06-12 00:00:00+00:00,1288,2895.15,458.13,629.5,1781.05,904.4
2018-06-13 00:00:00+00:00,1281.95,2908,462.45,637.5,1824,920.5
2018-06-14 00:00:00+00:00,1284.9,2893.45,468,620,1785,907
2018-06-15 00:00:00+00:00,1285.5,2871,473.98,644.4,1840,905
2018-06-18 00:00:00+00:00,1282,2894,467.08,632.9,1824,898
2018-06-19 00:00:00+00:00,1269.1,2852,459.6,621,1823,886.95
2018-06-20 00:00:00+00:00,1270.6,2872,454.23,620.73,1820,889
2018-06-21 00:00:00+00:00,1253.45,2834.85,450.48,622.95,1820,871
2018-06-22 00:00:00+00:00,1269,2835,452.73,623.2,1809,880
2018-06-25 00:00:00+00:00,1252.75,2809.9,455,634.83,1817.75,867.8
2018-06-26 00:00:00+00:00,1279.15,2816.2,456.35,640,1852.05,872
2018-06-27 00:00:00+00:00,1272,2764.55,460.5,635.75,1857,869.5
2018-06-28 00:00:00+00:00,1265,2719,455.65,642.18,1844.1,834.55
2018-06-29 00:00:00+00:00,1264,2808.9,463.45,655.5,1845,877
2018-07-02 00:00:00+00:00,1293,2830.7,462.95,668.55,1854.05,894.25
2018-07-03 00:00:00+00:00,1290,2866.35,468.75,677.5,1874.95,894.15
2018-07-04 00:00:00+00:00,1289,2988.8,463.4,674.2,1866.95,887.65
2018-07-05 00:00:00+00:00,1325,2983,465.5,643.25,1883.8,836
2018-07-06 00:00:00+00:00,1321.5,3024.2,471.15,643.6,1917.75,827
2018-07-09 00:00:00+00:00,1362.8,3027,481.5,650.6,1885,819.95
2018-07-10 00:00:00+00:00,1371,3094,490,650,1875.55,831.65
2018-07-11 00:00:00+00:00,1360.2,3169,495,659.23,1970,811.9
2018-07-12 00:00:00+00:00,1357,3097.15,505,647.38,1974.1,809
2018-07-13 00:00:00+00:00,1369,3137,492.15,661.5,1977.05,838.45
2018-07-16 00:00:00+00:00,1357,3107.1,487.7,668,1988.85,830.75
2018-07-17 00:00:00+00:00,1375.4,3098.75,491.9,662.75,2000,844.5
2018-07-18 00:00:00+00:00,1389.05,3108,495,662.25,2000,842.95
2018-07-19 00:00:00+00:00,1406,3111,490.88,657.98,1986,872.5
2018-07-20 00:00:00+00:00,1395,2823,499,675.55,1998.1,861.1
2018-07-23 00:00:00+00:00,1433.5,2688.1,502,675.9,2001.1,858.75
2018-07-24 00:00:00+00:00,1471.4,2648,494.7,687.68,1996.45,864
2018-07-25 00:00:00+00:00,1447.55,2629.85,482.5,690.58,1977.5,864.05
2018-07-26 00:00:00+00:00,1437,2630,479.5,686.85,1956,856.9
2018-07-27 00:00:00+00:00,1434.25,2685,481.7,685.38,1943.75,885
2018-07-30 00:00:00+00:00,1430,2668.95,473.98,675.5,1944.3,892.5
2018-07-31 00:00:00+00:00,1449,2705.35,482.5,684,1944.1,912.35
2018-08-01 00:00:00+00:00,1437.25,2666.9,488.5,676,1973.8,919
2018-08-02 00:00:00+00:00,1415,2675,481.5,676.7,1948,925
2018-08-03 00:00:00+00:00,1413,2690.95,482,682.88,1978,920
2018-08-06 00:00:00+00:00,1397,2692,479.1,682,1976.45,901.95
2018-08-07 00:00:00+00:00,1425,2687.5,484,683.5,1969,929
2018-08-08 00:00:00+00:00,1421.05,2664,482,681,1975,935.9
2018-08-09 00:00:00+00:00,1414.7,2660,479.25,689.63,1978,914.95
2018-08-10 00:00:00+00:00,1416,2629,483,691.13,1992,916.85
2018-08-13 00:00:00+00:00,1400,2635,491.45,704,1999.5,916.1
2018-08-14 00:00:00+00:00,1396.85,2647.3,498.5,703.73,2000,925.4
2018-08-16 00:00:00+00:00,1398.95,2666,498.65,715.25,2009.1,919.6
2018-08-17 00:00:00+00:00,1400.1,2661.35,502.48,713.58,2010,940.6
2018-08-20 00:00:00+00:00,1410.15,2735.1,494.5,694.1,2014.15,923
2018-08-21 00:00:00+00:00,1403.2,2722,502.33,692.6,2015,916
2018-08-23 00:00:00+00:00,1395,2686,513,700,2033.9,912.5
2018-08-24 00:00:00+00:00,1393.1,2678.4,511.7,689.68,2042,885.4
2018-08-27 00:00:00+00:00,1400.7,2700,518.93,708,2050.05,892.9
2018-08-28 00:00:00+00:00,1407,2683,520.18,713,2069.95,889.05
2018-08-29 00:00:00+00:00,1392.5,2690,517.45,705.5,2073.25,882.35
2018-08-30 00:00:00+00:00,1383,2709,508.53,709.05,2083,881
2018-08-31 00:00:00+00:00,1372.45,2753.95,522.18,720,2078,893
2018-09-03 00:00:00+00:00,1361,2767.1,526.43,718.1,2050,911.45
2018-09-04 00:00:00+00:00,1314,2730,538,733.45,2100,880.9
2018-09-05 00:00:00+00:00,1318,2758,538.5,728.9,2077,865.35
2018-09-06 00:00:00+00:00,1313.4,2783.15,543.05,726,2074.5,867
2018-09-07 00:00:00+00:00,1317,2926,536.25,734,2078.75,868.8
2018-09-10 00:00:00+00:00,1291.75,2875,545,734,2084,856.05
2018-09-11 00:00:00+00:00,1297.15,2833.8,541.25,733.7,2045.2,818.6
2018-09-12 00:00:00+00:00,1285.55,2861,542,740.9,2045,824.9
2018-09-14 00:00:00+00:00,1332,2874.95,535.73,734.9,2066,842.7
2018-09-17 00:00:00+00:00,1305,2860,538.93,726.9,2072.45,818.5
2018-09-18 00:00:00+00:00,1295.7,2776,542.48,719.7,2074,824.45
2018-09-19 00:00:00+00:00,1294,2791,543.58,719.25,2076.7,827.95
2018-09-21 00:00:00+00:00,1303,2809.05,544.6,710.1,2111.9,800.55
2018-09-24 00:00:00+00:00,1276,2752.5,547.5,719.95,2208.5,791
2018-09-25 00:00:00+00:00,1290,2788,559,726,2183.1,794.95
2018-09-26 00:00:00+00:00,1280,2773.35,545.18,719.9,2147.15,817
2018-09-27 00:00:00+00:00,1296,2782.15,545,724.3,2185,821.15
2018-09-28 00:00:00+00:00,1288,2690,542.98,731.7,2186,804.1
2018-10-01 00:00:00+00:00,1279,2735,547.5,742.95,2252.4,812.25
2018-10-03 00:00:00+00:00,1248.75,2734.75,542.68,728.5,2157,794.5
2018-10-04 00:00:00+00:00,1227,2637,540.55,711,2063,775.75
2018-10-05 00:00:00+00:00,1195.1,2521.75,540.1,722.5,2100,785.5
2018-10-08 00:00:00+00:00,1243.55,2569.95,536.83,714.65,2077.4,813.45
2018-10-09 00:00:00+00:00,1203.4,2546,533.6,721,2095.9,749
2018-10-10 00:00:00+00:00,1226,2600,525.43,700.35,2044,790
2018-10-11 00:00:00+00:00,1220,2520,506.45,675.3,1995,780
2018-10-12 00:00:00+00:00,1260,2621.7,491.13,678.15,1920,804.7
2018-10-15 00:00:00+00:00,1250,2623.9,500.9,704,1954.6,808.15
2018-10-16 00:00:00+00:00,1265,2607.25,500.5,692.9,1963.05,809.4
2018-10-17 00:00:00+00:00,1260,2541,511,705.5,1930,804
2018-10-19 00:00:00+00:00,1238,2524,478.5,683.5,1915.7,787.6
2018-10-22 00:00:00+00:00,1196.9,2554,486.9,680.5,1900.25,776.35
2018-10-23 00:00:00+00:00,1142.45,2588,475.83,663,1847.75,780
2018-10-24 00:00:00+00:00,1191.25,2469,495.25,650.35,1865.5,789
2018-10-25 00:00:00+00:00,1199,2475,501.5,647.3,1844.15,793.9
2018-10-26 00:00:00+00:00,1192.2,2519,484,634.05,1796,808
2018-10-29 00:00:00+00:00,1193,2555,493.1,646.1,1866,829
2018-10-30 00:00:00+00:00,1197.5,2546.25,503.18,658.9,1894.8,831.5
2018-10-31 00:00:00+00:00,1230.3,2592.8,531,685.95,1934.6,841.7
2018-11-01 00:00:00+00:00,1217.8,2602,507.75,667,1928,856.25
2018-11-02 00:00:00+00:00,1252.6,2668,502.15,663.2,1912.4,869
2018-11-05 00:00:00+00:00,1239.95,2680,510.75,663.7,1890.85,862.6
2018-11-06 00:00:00+00:00,1236,2670,511.1,667.2,1930.55,848.95
2018-11-07 00:00:00+00:00,1252,2690.3,516.5,677.45,1941,849
2018-11-09 00:00:00+00:00,1295,2693.1,514.03,658.7,1908,846
2018-11-12 00:00:00+00:00,1281,2649.45,519.53,665.85,1916.9,898.4
2018-11-13 00:00:00+00:00,1285,2670,515.5,665.15,1936.2,897.05
2018-11-14 00:00:00+00:00,1318,2680,498.5,652.4,1880.7,891.5
2018-11-15 00:00:00+00:00,1315.85,2663.55,494.4,655.7,1877,921.55
2018-11-16 00:00:00+00:00,1323.9,2694.95,511,652,1889,919
2018-11-19 00:00:00+00:00,1321,2680.25,520,651.95,1902,921.6
2018-11-20 00:00:00+00:00,1307.25,2666.3,505.83,640.6,1879.7,915.05
2018-11-21 00:00:00+00:00,1325.5,2602.5,492.18,619.5,1813,929
2018-11-22 00:00:00+00:00,1317.75,2598.8,489.53,620.9,1816.2,913
2018-11-26 00:00:00+00:00,1347.8,2644,498.53,621.2,1846,915.9
2018-11-27 00:00:00+00:00,1338.8,2601,510.18,641,1895.5,916
2018-11-28 00:00:00+00:00,1325.5,2600,519.75,665,1985,920
2018-11-29 00:00:00+00:00,1351.15,2712.1,508.5,665.5,1969,929
2018-11-30 00:00:00+00:00,1349,2743,508.5,670,1974.8,930.5
2018-12-03 00:00:00+00:00,1344.65,2734.5,509.98,672.45,1984,936.5
2018-12-04 00:00:00+00:00,1330,2763.8,518.5,683,2009.85,923.3
2018-12-05 00:00:00+00:00,1328.2,2765,523.03,681.15,2003.9,919.9
2018-12-06 00:00:00+00:00,1293.5,2718,506.18,669.5,1990,906.6
2018-12-07 00:00:00+00:00,1317,2781.5,480.95,680.75,1999.85,916
2018-12-10 00:00:00+00:00,1274.95,2720.05,469.4,670.3,1960.25,908
2018-12-11 00:00:00+00:00,1322.85,2737.75,481,673.25,1997.05,931.6
2018-12-12 00:00:00+00:00,1329.25,2839.25,485.18,678.1,2016.5,929.5
2018-12-13 00:00:00+00:00,1318,2836,488.25,695.8,1981.35,943.6
2018-12-14 00:00:00+00:00,1339,2808.5,480.05,706.15,1988.7,928.6
2018-12-17 00:00:00+00:00,1335.15,2847,485.8,693,1992.9,935
2018-12-18 00:00:00+00:00,1360.4,2835.8,492.5,677,1987.9,932.95
2018-12-19 00:00:00+00:00,1400,2866.6,478.65,665,1970.8,928.2
2018-12-20 00:00:00+00:00,1428.5,2897,480.75,666.9,1955,925
2018-12-21 00:00:00+00:00,1389.5,2807,474.25,647,1905,899.75
2018-12-24 00:00:00+00:00,1360,2728,469,648.5,1922,883.15
2018-12-26 00:00:00+00:00,1360.05,2748,470.98,643.9,1892,889
2018-12-27 00:00:00+00:00,1378.2,2735.45,476.05,655.55,1909.95,889.1
2018-12-28 00:00:00+00:00,1365,2716.05,481.5,656.4,1897,924.15
2018-12-31 00:00:00+00:00,1368,2725,482.1,659.5,1894.75,927.35
2019-01-01 00:00:00+00:00,1368,2726,480,665.95,1905.9,927
2019-01-02 00:00:00+00:00,1380.05,2685,473.05,668,1919,931.5
2019-01-03 00:00:00+00:00,1387,2695,474.5,668.95,1901,935
2019-01-04 00:00:00+00:00,1383,2725.5,466,660.2,1882,930.8
2019-01-07 00:00:00+00:00,1395.6,2652.25,472.5,671.55,1898,943.55
2019-01-08 00:00:00+00:00,1400,2694.85,472.05,669.65,1891,946.5
2019-01-09 00:00:00+00:00,1400,2693,468.13,675.6,1884.6,953.5
2019-01-10 00:00:00+00:00,1399.7,2724,467,681,1881,968
2019-01-11 00:00:00+00:00,1406,2703.1,469.78,684.35,1843.15,958.8
2019-01-14 00:00:00+00:00,1389.35,2694.15,469.5,701.3,1815.45,958
2019-01-15 00:00:00+00:00,1407.95,2725,474,728.3,1866.8,967.65
2019-01-16 00:00:00+00:00,1388,2715,468.7,735.95,1873.95,960.65
2019-01-17 00:00:00+00:00,1388.9,2737,476.4,733.2,1895,958.95
2019-01-18 00:00:00+00:00,1394.8,2718.85,484,733.5,1899.5,961.1
2019-01-21 00:00:00+00:00,1420.85,2672,482,743.25,1903.95,962.6
2019-01-22 00:00:00+00:00,1404.85,2689.55,471.78,747,1896.5,981.9
2019-01-23 00:00:00+00:00,1399.85,2677.95,471.6,731.65,1881,960
2019-01-24 00:00:00+00:00,1402.6,2651.6,474,734,1902,970
2019-01-25 00:00:00+00:00,1372,2620.45,487.5,730.3,1919.7,978
2019-01-28 00:00:00+00:00,1377.9,2563,487.8,731,1960,957.4
2019-01-29 00:00:00+00:00,1392,2568.1,494.8,730.05,1983.35,966.3
2019-01-30 00:00:00+00:00,1393,2492,507.03,724.3,1984.15,964.55
2019-01-31 00:00:00+00:00,1407,2563,502.63,750,2004.5,1000
2019-02-01 00:00:00+00:00,1455,2605.05,520.78,756.7,2024.2,992.3
2019-02-04 00:00:00+00:00,1445,2647,523,755.9,2049.2,1024.5
2019-02-05 00:00:00+00:00,1455,2710,524,755,2051,1068.1
2019-02-06 00:00:00+00:00,1468,2785,528,763.8,2070,1059.3
2019-02-07 00:00:00+00:00,1470,2850,532.5,763,2077.75,1058.8
2019-02-08 00:00:00+00:00,1448.35,2850,534,760.9,2055.7,1054
2019-02-11 00:00:00+00:00,1442.15,2846.95,538.5,760.45,2065.6,1056
2019-02-12 00:00:00+00:00,1449,2825,530.7,750.4,2051,1066
2019-02-13 00:00:00+00:00,1418.4,2825,534.5,754,2058,1052.4
2019-02-14 00:00:00+00:00,1402,2823,530.38,740.35,2049,1043.4
2019-02-15 00:00:00+00:00,1401,2821,529.7,742.05,2034.6,1038.5
2019-02-18 00:00:00+00:00,1374.95,2796,524,741,1969.9,1030.45
2019-02-19 00:00:00+00:00,1378.95,2779.3,521.35,724.5,1905.05,1027.45
2019-02-20 00:00:00+00:00,1396.8,2794.5,530,740.55,1914,1033.5
2019-02-21 00:00:00+00:00,1397,2825,526.15,734,1912.25,1043.5
2019-02-22 00:00:00+00:00,1389,2817,534.83,734.9,1929,1040.2
2019-02-25 00:00:00+00:00,1398.25,2845,541.75,755,1987,1043.7
2019-02-26 00:00:00+00:00,1400.95,2870,529.2,741.55,2032,1038.75
2019-02-27 00:00:00+00:00,1402.95,2901,530.5,734.5,2050.85,1017.65
2019-02-28 00:00:00+00:00,1406.95,2904.8,525.43,734,1983.5,1032.45
2019-03-01 00:00:00+00:00,1394,2861.05,528.5,741.5,1995,1022.8
2019-03-05 00:00:00+00:00,1401.1,2895.65,526.03,732.75,1985.05,1035.3
2019-03-06 00:00:00+00:00,1396.75,2912.45,522.15,732.25,2006,1055.4
2019-03-07 00:00:00+00:00,1395.5,2919.5,517.5,723.4,2015,1044
2019-03-08 00:00:00+00:00,1385,2962,504,713.2,2022.75,1053.9
2019-03-11 00:00:00+00:00,1419,3000,502.53,711.1,2016.15,1069.5
2019-03-12 00:00:00+00:00,1428,2997,507,706.25,2009.1,1080.25
2019-03-13 00:00:00+00:00,1431,3010,512.78,709,1995,1078.15
2019-03-14 00:00:00+00:00,1440,3007.4,503,708.45,1990.7,1085.25
2019-03-15 00:00:00+00:00,1437,3026,516,720,2036,1098
2019-03-18 00:00:00+00:00,1446.85,2999.6,508.48,709.5,2023.85,1101.05
2019-03-19 00:00:00+00:00,1453.45,2974.35,520.38,725.8,2028.5,1111
2019-03-20 00:00:00+00:00,1455.6,2954,518.2,737.5,2000.25,1102.5
2019-03-22 00:00:00+00:00,1471.2,2939.75,515.25,745,2010,1102.9
2019-03-25 00:00:00+00:00,1460,2960.35,508.85,733.95,1980.8,1100.15
2019-03-26 00:00:00+00:00,1482,2957,519,727.8,1979.3,1118.5
2019-03-27 00:00:00+00:00,1471.5,2984.95,521.25,728.9,1964.85,1121.6
2019-03-28 00:00:00+00:00,1500.15,2954,542.5,739,2009,1135
2019-03-29 00:00:00+00:00,1488.5,2897,543.5,742.15,2000,1145.1
2019-04-01 00:00:00+00:00,1493,2915,555,754,2034.95,1121
2019-04-02 00:00:00+00:00,1522.75,2847.95,551.33,755,2079,1114
2019-04-03 00:00:00+00:00,1503,2850,557.33,751.65,2078.15,1104
2019-04-04 00:00:00+00:00,1517.5,2855.05,545.18,748.95,2017.95,1106
2019-04-05 00:00:00+00:00,1513.9,2867,546,759.55,2051,1107.55
2019-04-08 00:00:00+00:00,1492.1,2859,548.2,769.15,2073.6,1104.45
2019-04-09 00:00:00+00:00,1449.65,2920,559,760.5,2087.45,1099.85
2019-04-10 00:00:00+00:00,1409,2941.25,549.38,753.5,2042.95,1100.8
2019-04-11 00:00:00+00:00,1422,2992.1,544.45,743.4,2025,1105.1
2019-04-12 00:00:00+00:00,1436,3008.15,541.35,748,2013.05,1095.8
2019-04-15 00:00:00+00:00,1429.5,3040.15,551,728.2,2112.5,1089
2019-04-16 00:00:00+00:00,1460,3074.9,551.5,724,2137,1123.65
2019-04-18 00:00:00+00:00,1469,3080,550.5,715.5,2149.3,1123.9
2019-04-22 00:00:00+00:00,1444.35,3050,549.53,721.3,2160.3,1122
2019-04-23 00:00:00+00:00,1429,3058.9,552.75,725.8,2163,1128.35
2019-04-24 00:00:00+00:00,1449.3,3073.95,570.7,735,2168.6,1148.45
2019-04-25 00:00:00+00:00,1449,3095,568,730.05,2203,1145.65
2019-04-26 00:00:00+00:00,1448,3044.7,569.2,738.6,2233,1139.2
2019-04-30 00:00:00+00:00,1464,2988.7,590,748.85,2256.25,1161.6
2019-05-02 00:00:00+00:00,1441.9,3028,580.48,730.75,2214.7,1141
2019-05-03 00:00:00+00:00,1436,3059.8,571,723.6,2136.35,1145
2019-05-06 00:00:00+00:00,1418.8,3019.9,568,717.15,2157.9,1082.8
2019-05-07 00:00:00+00:00,1391,3038,566.95,724.4,2154,1090
2019-05-08 00:00:00+00:00,1395,2957.5,562.53,718.95,2156,1097
2019-05-09 00:00:00+00:00,1350,2980,568.65,722,2171.2,1103.2
2019-05-10 00:00:00+00:00,1344.8,2970.05,542.53,716.5,2130.3,1129.55
2019-05-13 00:00:00+00:00,1336.55,2962.5,541,718,2134,1149
2019-05-14 00:00:00+00:00,1325,2945,533.58,714,2095,1159.7
2019-05-15 00:00:00+00:00,1308,2912,533.4,715.35,2090.1,1163.5
2019-05-16 00:00:00+00:00,1311.95,2945.05,537.5,733.15,2111.5,1188.2
2019-05-17 00:00:00+00:00,1320,3046.9,531.3,724.5,2094,1193.15
2019-05-20 00:00:00+00:00,1372.6,3015,537.5,721.65,2148,1237
2019-05-21 00:00:00+00:00,1354.05,2980.05,529.93,709.25,2108,1248.1
2019-05-22 00:00:00+00:00,1363.1,3053.95,531.6,709.95,2090,1244
2019-05-23 00:00:00+00:00,1364,3057.7,534.2,703.5,2057,1221
2019-05-24 00:00:00+00:00,1384,3079.35,533.1,709,2049.05,1221.3
2019-05-27 00:00:00+00:00,1369.9,3066,533,709.5,2058,1241.55
2019-05-28 00:00:00+00:00,1360.8,2972.25,534.15,726.35,2068,1235
2019-05-29 00:00:00+00:00,1353.5,2928,542.5,727.8,2116.95,1233.75
2019-05-30 00:00:00+00:00,1370.7,2947.8,540.5,732.6,2146.3,1248
2019-05-31 00:00:00+00:00,1408.3,2921.25,545,737.35,2200,1233.65
2019-06-03 00:00:00+00:00,1460,3030.15,558.55,745.15,2240.05,1268.85
2019-06-04 00:00:00+00:00,1423,2998,545,734.9,2190,1250
2019-06-06 00:00:00+00:00,1429,2995,539.35,735.5,2166,1268.8
2019-06-07 00:00:00+00:00,1416.05,2959.7,539.5,738.3,2179.9,1269
2019-06-10 00:00:00+00:00,1422.6,2986.2,547.5,753,2229.1,1275
2019-06-11 00:00:00+00:00,1424.4,2991.05,554,754,2253,1286.55
2019-06-12 00:00:00+00:00,1424.05,2944,553.75,753,2265.75,1288
2019-06-13 00:00:00+00:00,1425.8,2927,548.98,742.2,2244.2,1296.2
2019-06-14 00:00:00+00:00,1411,2870.75,542,739.6,2249.8,1279.2
2019-06-17 00:00:00+00:00,1399,2834,536,739.05,2244,1256.05
2019-06-18 00:00:00+00:00,1380.1,2873,544.78,751.45,2253.5,1260
2019-06-19 00:00:00+00:00,1381.5,2822.95,541.73,751.95,2261.9,1274.4
2019-06-20 00:00:00+00:00,1391.3,2905,545,754.95,2282.95,1305
2019-06-21 00:00:00+00:00,1386.75,2881,539.5,750.7,2252.05,1292.4
2019-06-24 00:00:00+00:00,1374.5,2814,538.68,745,2276.65,1301
2019-06-25 00:00:00+00:00,1362,2843.95,538.65,745.05,2263,1320
2019-06-26 00:00:00+00:00,1360,2872,538.3,739.4,2253.05,1308.35
2019-06-27 00:00:00+00:00,1363,2862.25,530.9,731.7,2261.5,1328.7
2019-06-28 00:00:00+00:00,1359,2832.4,532.88,731.7,2228,1333.95
2019-07-01 00:00:00+00:00,1351.4,2915,524.18,731.7,2233.05,1323.2
2019-07-02 00:00:00+00:00,1342.45,2889,530.6,739.3,2254.3,1324.8
2019-07-03 00:00:00+00:00,1353.8,2890.35,524.95,731.75,2234,1329.05
2019-07-04 00:00:00+00:00,1360,2895.9,519.75,732.5,2241,1291.9
2019-07-05 00:00:00+00:00,1357.5,2840.1,509.98,718,2166.85,1278.05
2019-07-08 00:00:00+00:00,1341,2776.15,517.53,717.45,2171.1,1253
2019-07-09 00:00:00+00:00,1321.05,2786,509.5,713.8,2121.4,1099
2019-07-10 00:00:00+00:00,1322,2738.95,510,717.55,2106.2,1102
2019-07-11 00:00:00+00:00,1332.5,2707,510.5,722.4,2101.95,1096.95
2019-07-12 00:00:00+00:00,1362.8,2729.85,511.4,730.6,2108,1102
2019-07-15 00:00:00+00:00,1348,2720.1,513.75,779.55,2135.5,1088
2019-07-16 00:00:00+00:00,1371,2734,509.5,782.9,2105.9,1113
2019-07-17 00:00:00+00:00,1394,2695,520,794,2115,1106.5
2019-07-18 00:00:00+00:00,1384.5,2625.9,510.2,792,2075.55,1087.7
2019-07-19 00:00:00+00:00,1373.95,2563,507.5,784.9,2080,1090.9
2019-07-22 00:00:00+00:00,1401,2569,510.28,784.1,2107.15,1082
2019-07-23 00:00:00+00:00,1430,2520.05,505.53,789.65,2119.95,1101
2019-07-24 00:00:00+00:00,1479,2526.45,511.5,786.65,2099,1090.95
2019-07-25 00:00:00+00:00,1497.6,2547,503.73,792.9,2128.25,1088.1
2019-07-26 00:00:00+00:00,1525,2624,501.88,789.35,2115,1107.5
2019-07-29 00:00:00+00:00,1514.9,2489.2,505.53,792,2125.1,1079.15
2019-07-30 00:00:00+00:00,1509.5,2467.7,511.5,791.65,2176.3,1082.35
2019-07-31 00:00:00+00:00,1522,2505.6,517,795,2201,1054.4
2019-08-01 00:00:00+00:00,1510.15,2539,508.25,770.6,2178.3,1061
2019-08-02 00:00:00+00:00,1548,2600.55,504.98,775,2206.55,1062.4
2019-08-05 00:00:00+00:00,1526.1,2640.95,505.58,776.8,2240,1036.1
2019-08-06 00:00:00+00:00,1563.3,2602.55,511.2,775.3,2213.75,1039.35
2019-08-07 00:00:00+00:00,1559.2,2601,509.5,776.6,2218.8,1035.7
2019-08-08 00:00:00+00:00,1566.05,2707,545.45,787.1,2253.8,1048
2019-08-09 00:00:00+00:00,1575.85,2700.25,541.6,790,2245,1067.05
2019-08-13 00:00:00+00:00,1574.45,2664,535.18,764.1,2200,1059.55
2019-08-14 00:00:00+00:00,1571,2713.95,534.78,772.5,2205.3,1080.95
2019-08-16 00:00:00+00:00,1593.05,2748.2,530.9,775,2163,1074.65
2019-08-19 00:00:00+00:00,1585,2730,531.73,778,2166,1089.1
2019-08-20 00:00:00+00:00,1590.25,2744.25,542.53,792.5,2190,1089.9
2019-08-21 00:00:00+00:00,1588,2754.2,534.05,799.25,2183,1065.3
2019-08-22 00:00:00+00:00,1570,2748,539.5,795.4,2207.3,1061.55
2019-08-23 00:00:00+00:00,1582.8,2752.75,543,801.25,2250,1068
2019-08-26 00:00:00+00:00,1591.7,2745,546.13,804.3,2267,1101.15
2019-08-27 00:00:00+00:00,1598.6,2768.1,548.25,785.5,2241.5,1125.1
2019-08-28 00:00:00+00:00,1604.05,2761.75,560.85,803.5,2238.35,1110
2019-08-29 00:00:00+00:00,1616,2760,558.58,808.3,2232,1107.5
2019-08-30 00:00:00+00:00,1618.55,2787.65,550.6,814.95,2259,1103.6
2019-09-03 00:00:00+00:00,1578.5,2767,553,812.7,2246,1057.15
2019-09-04 00:00:00+00:00,1537,2737,562.73,819.9,2245.2,1035
2019-09-05 00:00:00+00:00,1516.55,2759,557.28,835.1,2215.95,1046.15
2019-09-06 00:00:00+00:00,1530.6,2838.7,548.68,840.25,2198,1067.85
2019-09-09 00:00:00+00:00,1539.7,2810,542.5,829.5,2185,1086.75
2019-09-11 00:00:00+00:00,1557.6,2899,528.5,822.1,2151.6,1099.8
2019-09-12 00:00:00+00:00,1538,2855,527.5,817.6,2134.6,1086.6
2019-09-13 00:00:00+00:00,1545.05,2876,534.78,829.8,2143,1124.5
2019-09-16 00:00:00+00:00,1519,2878,532.78,827.6,2150,1148.05
2019-09-17 00:00:00+00:00,1532,2786,528.85,832.85,2126,1159
2019-09-18 00:00:00+00:00,1549,2775,529,831.45,2141.1,1166.6
2019-09-19 00:00:00+00:00,1551.2,2736.3,523.13,821.6,2096.9,1152
2019-09-20 00:00:00+00:00,1684.4,2928.9,525,807.3,2070,1260
2019-09-23 00:00:00+00:00,1809.95,2997.85,513.1,763,2020,1315.45
2019-09-24 00:00:00+00:00,1770,2966.95,524.55,794.05,2047.3,1291
2019-09-25 00:00:00+00:00,1753,2938,527.48,790.8,2085.8,1266
2019-09-26 00:00:00+00:00,1771,2969.95,524.5,784.5,2089.6,1291.95
2019-09-27 00:00:00+00:00,1763.9,2951.1,521,782.2,2059,1280
2019-09-30 00:00:00+00:00,1761.8,2928.05,539.33,804.45,2096.8,1275
2019-10-01 00:00:00+00:00,1763.55,2915.95,531.75,794,2060.3,1281
2019-10-03 00:00:00+00:00,1748,2882.5,538.13,786.4,2057,1294.3
2019-10-04 00:00:00+00:00,1721.85,2856,539,790.35,2078,1250.6
2019-10-07 00:00:00+00:00,1724.7,2888.9,537,788.8,2046,1259
2019-10-09 00:00:00+00:00,1767.25,2879.5,525.55,783.75,2021.9,1230
2019-10-10 00:00:00+00:00,1776,2898,532,782.5,2002.8,1237.85
2019-10-11 00:00:00+00:00,1787.6,2899.5,539.2,815.7,1989.3,1242
2019-10-14 00:00:00+00:00,1797,2950,541.53,786.5,2022.55,1250.55
2019-10-15 00:00:00+00:00,1804.1,3011.25,544,769,2037.8,1272
2019-10-16 00:00:00+00:00,1767.25,3022,550.4,771,2055,1276.3
2019-10-17 00:00:00+00:00,1811,3130,544.6,769.45,2029,1276
2019-10-18 00:00:00+00:00,1816.8,3090,547.48,768,2059,1301.25
2019-10-22 00:00:00+00:00,1779,3122.35,532.5,639.5,2050,1330.3
2019-10-23 00:00:00+00:00,1771.2,3158,551.15,650.3,2082,1356.55
2019-10-24 00:00:00+00:00,1794.1,3175,559.28,634.5,2080,1378
2019-10-25 00:00:00+00:00,1795.5,3133.75,567,637.1,2121.6,1333.1
2019-10-27 00:00:00+00:00,1791.45,3136,565.45,649.75,2117.65,1320
2019-10-29 00:00:00+00:00,1817.05,3180.8,570,650.9,2199.8,1333.55
2019-10-30 00:00:00+00:00,1825,3228,571.58,662.1,2255.75,1318
2019-10-31 00:00:00+00:00,1809,3243,578,687,2274.55,1331.8
2019-11-01 00:00:00+00:00,1770,3230,576.03,688.6,2207,1303
2019-11-04 00:00:00+00:00,1785,3218,576.85,711,2194.1,1298.55
2019-11-05 00:00:00+00:00,1794.95,3252,578.5,695.1,2198,1284.4
2019-11-06 00:00:00+00:00,1798.1,3244.2,574.28,712.5,2190.8,1154.35
2019-11-07 00:00:00+00:00,1828,3277,574.5,720.1,2185,1165.8
2019-11-08 00:00:00+00:00,1790.8,3246.9,574.4,708.3,2129.95,1155.05
2019-11-11 00:00:00+00:00,1773.75,3239.8,572.98,703.5,2100.9,1153.65
2019-11-13 00:00:00+00:00,1769,3204,571.45,691.2,2179,1158
2019-11-14 00:00:00+00:00,1770.2,3232.5,574.5,705.1,2190,1169.2
2019-11-15 00:00:00+00:00,1760,3204.1,571.58,704.5,2171.5,1160
2019-11-18 00:00:00+00:00,1742,3152.25,570.25,709.9,2151,1158.5
2019-11-19 00:00:00+00:00,1723,3156.3,566.95,712.85,2109.3,1164
2019-11-20 00:00:00+00:00,1723,3165,566.1,713,2108,1159.65
2019-11-21 00:00:00+00:00,1719,3186.65,567.75,712,2117.4,1146.6
2019-11-22 00:00:00+00:00,1682.8,3150,558.75,692.95,2067.15,1135.05
2019-11-25 00:00:00+00:00,1717,3201.4,562.75,699,2084,1166.9
2019-11-26 00:00:00+00:00,1719.1,3184.8,554.75,692.6,2046,1165.8
2019-11-27 00:00:00+00:00,1715.5,3212.05,561.85,696.1,2055,1167.15
2019-11-28 00:00:00+00:00,1717,3182.85,566.75,701.45,2075.9,1171.25
2019-11-29 00:00:00+00:00,1706,3178.85,563.75,696,2051.65,1157.6
2019-12-02 00:00:00+00:00,1741,3162.45,562.45,692.75,2021,1153.15
2019-12-03 00:00:00+00:00,1728,3258,562.3,699,2051,1157
2019-12-04 00:00:00+00:00,1719.4,3250,562.5,708.25,2077,1176.5
2019-12-05 00:00:00+00:00,1716,3230,561.35,714.1,2121.65,1180.65
2019-12-06 00:00:00+00:00,1719.3,3210,560,713.95,2123,1170.55
2019-12-09 00:00:00+00:00,1725.9,3220.4,551.25,716.05,2060,1175.05
2019-12-10 00:00:00+00:00,1715,3229,544.5,713.45,2016.25,1180
2019-12-11 00:00:00+00:00,1735,3267.65,545,720,2040,1180.45
2019-12-12 00:00:00+00:00,1747,3258,536,702.5,2004,1188
2019-12-13 00:00:00+00:00,1743.95,3232,544.5,711.5,2070,1184.55
2019-12-16 00:00:00+00:00,1732.6,3220,552.15,714.25,2130,1166
2019-12-17 00:00:00+00:00,1744.5,3199,558.7,730.5,2168.5,1159.5
2019-12-18 00:00:00+00:00,1779.15,3215.5,565.45,733.5,2165.3,1159.9
2019-12-19 00:00:00+00:00,1800,3221,569.55,732,2231.7,1159
2019-12-20 00:00:00+00:00,1806,3203,570,730,2220,1199.7
2019-12-23 00:00:00+00:00,1814,3223.95,570,735.95,2236,1209
2019-12-24 00:00:00+00:00,1803,3222.7,561,734.25,2216,1205
2019-12-26 00:00:00+00:00,1811,3227.6,561,729.25,2203,1192.5
2019-12-27 00:00:00+00:00,1815,3244.65,566.5,736.55,2208.7,1190.4
2019-12-30 00:00:00+00:00,1802,3258,569.8,732.5,2184.15,1193
2019-12-31 00:00:00+00:00,1792,3180,569,732,2165,1189.9
2020-01-01 00:00:00+00:00,1784.9,3151,571.1,739.35,2170,1155.45
2020-01-02 00:00:00+00:00,1789.8,3121.75,573.8,735.3,2157,1156
2020-01-03 00:00:00+00:00,1750,3067,582,745.4,2201,1139.15
2020-01-06 00:00:00+00:00,1706.8,3033,581.9,738.5,2201.35,1157
2020-01-07 00:00:00+00:00,1731.7,3045,583.9,728.6,2205,1159.35
2020-01-08 00:00:00+00:00,1732.6,3057,585.5,718.1,2253.35,1143.1
2020-01-09 00:00:00+00:00,1767.35,3090,580.95,727.5,2220,1163.5
2020-01-10 00:00:00+00:00,1793.3,3102,580.4,740,2213,1153.9
2020-01-13 00:00:00+00:00,1804,3085,587.4,772.5,2193,1160
2020-01-14 00:00:00+00:00,1819,3109,594,775.15,2210,1167.1
2020-01-15 00:00:00+00:00,1839.8,3126.5,595,766.3,2224,1182.6
2020-01-16 00:00:00+00:00,1838.9,3104.55,594.8,767.25,2240,1192.25
2020-01-17 00:00:00+00:00,1836,3110.5,600.35,767.45,2220,1186.2
2020-01-20 00:00:00+00:00,1847.5,3103.55,588.8,768.85,2173.9,1186.75
2020-01-21 00:00:00+00:00,1809,3093,582.75,761.15,2173.9,1179.15
2020-01-22 00:00:00+00:00,1773.2,3074.85,591.2,769.85,2209.8,1178
2020-01-23 00:00:00+00:00,1779.8,3068,598,782.35,2188,1203
2020-01-24 00:00:00+00:00,1791.4,3082.4,607.4,783,2185,1228.45
2020-01-27 00:00:00+00:00,1790,3079.25,605.55,778.05,2168.3,1210
2020-01-28 00:00:00+00:00,1780,3052.7,602.85,778,2183,1198.5
2020-01-29 00:00:00+00:00,1797,3094.75,608.85,790,2154,1184.95
2020-01-30 00:00:00+00:00,1795.6,3142,607.9,780.6,2134.65,1182
2020-01-31 00:00:00+00:00,1797,3182,591.6,777.7,2082.4,1189.5
2020-02-01 00:00:00+00:00,1755.35,3145,590.8,777,2167.5,1173.25
2020-02-03 00:00:00+00:00,1866.65,3282.8,579.85,768.05,2110,1184
2020-02-04 00:00:00+00:00,1896,3160.9,587.8,787.85,2111.95,1273
2020-02-05 00:00:00+00:00,1869,3158,594.5,784.5,2147.5,1276.75
2020-02-06 00:00:00+00:00,1857.85,3148,601.7,771.6,2129,1259.3
2020-02-07 00:00:00+00:00,1858.5,3135,605,776,2138,1271.85
2020-02-10 00:00:00+00:00,1869.5,3100,603,773,2153.1,1257.2
2020-02-11 00:00:00+00:00,1875,3150,610.95,774.5,2152.7,1269.8
2020-02-12 00:00:00+00:00,1893.1,3158.9,612.2,780.95,2173.1,1268.1
2020-02-13 00:00:00+00:00,1873.95,3130.15,612.5,793.2,2191,1297.55
2020-02-14 00:00:00+00:00,1877.9,3152.6,622.15,786.3,2183,1291
2020-02-17 00:00:00+00:00,1880.25,3071.7,613.45,788.85,2202.05,1315.8
2020-02-18 00:00:00+00:00,1869.25,3086,609.5,798.5,2215,1311
2020-02-19 00:00:00+00:00,1887.1,3091,604.45,800.4,2194.1,1330.15
2020-02-20 00:00:00+00:00,1845,3059.85,610,796.8,2157,1322.7
2020-02-24 00:00:00+00:00,1821,2978,592.7,795.9,2112,1278
2020-02-25 00:00:00+00:00,1828.9,2955,583.2,799.5,2163,1265
2020-02-26 00:00:00+00:00,1825,2935,583.25,782.25,2122,1259.9
2020-02-27 00:00:00+00:00,1843.1,2930.8,571,776.55,2097,1278.5
2020-02-28 00:00:00+00:00,1810,2888,539.9,732,2010,1254.9
2020-03-02 00:00:00+00:00,1785.1,2797,547.6,739.25,2002.7,1248
2020-03-03 00:00:00+00:00,1804.05,2699.9,568.2,750.35,2041,1250
2020-03-04 00:00:00+00:00,1840,2706,561.7,758,2086.8,1252.5
2020-03-05 00:00:00+00:00,1877,2702.95,576,754.15,2131,1255.25
2020-03-06 00:00:00+00:00,1882,2745,568,739,2115.4,1241.9
2020-03-09 00:00:00+00:00,1864,2572,543.4,707,1981,1208
2020-03-11 00:00:00+00:00,1882.3,2598.6,539,682.15,1954,1185.95
2020-03-12 00:00:00+00:00,1852.95,2352,494,631,1772,1085.05
2020-03-13 00:00:00+00:00,1796.75,2408.9,497,652.15,1820,1085
2020-03-16 00:00:00+00:00,1683.45,2339,453.25,583.2,1684.5,1005.3
2020-03-17 00:00:00+00:00,1720,2270.5,455,559.95,1634,1008.6
2020-03-18 00:00:00+00:00,1620,2253,437,531.5,1669.25,927.85
2020-03-19 00:00:00+00:00,1603,2186.7,417.8,551.8,1636,900
2020-03-20 00:00:00+00:00,1737.3,2228.2,444.7,580.9,1792.95,905
2020-03-23 00:00:00+00:00,1500,1919,425,529.15,1631,779.65
2020-03-24 00:00:00+00:00,1550,1969.1,449,600,1699.95,828
2020-03-25 00:00:00+00:00,1580.05,1925,439,607,1732,881.9
2020-03-26 00:00:00+00:00,1617.05,2085.85,446,640,1789.95,937
2020-03-27 00:00:00+00:00,1618,2058.65,434,654.1,1850,940
2020-03-30 00:00:00+00:00,1596,2015,424,624,1781.7,951.65
2020-03-31 00:00:00+00:00,1656,2010,433,639.8,1819,933.7
2020-04-01 00:00:00+00:00,1604.8,2043,414.65,604,1714,935
2020-04-03 00:00:00+00:00,1521.95,2020,409.85,588,1657,870
2020-04-07 00:00:00+00:00,1625.2,2270,456,634,1765.85,940
2020-04-08 00:00:00+00:00,1608.05,2260,466.25,632.2,1710,912
2020-04-09 00:00:00+00:00,1644.05,2436.1,470,635.6,1761,1016
2020-04-13 00:00:00+00:00,1664.5,2400.05,461,637,1761.6,966.45
2020-04-15 00:00:00+00:00,1718.25,2351.7,481.2,640,1736,939.4
2020-04-16 00:00:00+00:00,1735,2330.05,459.8,626.6,1720.3,992
2020-04-17 00:00:00+00:00,1758,2386.9,457,633.5,1810,978
2020-04-20 00:00:00+00:00,1730,2378,469.9,650.95,1815.7,974.45
2020-04-21 00:00:00+00:00,1723,2325,455.05,632.8,1737.75,936.4
2020-04-22 00:00:00+00:00,1816.9,2372.1,463.5,641.75,1773,953.85
2020-04-23 00:00:00+00:00,1825,2425,480,675.5,1867,915.9
2020-04-24 00:00:00+00:00,1832.2,2460,468.4,661,1821.25,908
2020-04-27 00:00:00+00:00,1856,2497,484,665.5,1834,927.1
2020-04-28 00:00:00+00:00,1825.6,2464.8,474.25,664.05,1865,932
2020-04-29 00:00:00+00:00,1774.95,2500,495,677,1903,924.45
2020-04-30 00:00:00+00:00,1762,2623.8,545,715.45,2019.2,967.8
2020-05-04 00:00:00+00:00,1676.85,2433,514.9,675.05,1930.5,893.95
2020-05-05 00:00:00+00:00,1617.7,2416.95,521.3,674.5,1932.75,885.8
2020-05-06 00:00:00+00:00,1617,2475,520.9,667,1909,880
2020-05-07 00:00:00+00:00,1600,2405.85,511,666.7,1895.95,848
2020-05-08 00:00:00+00:00,1579,2422.65,519.6,676,1897,834
2020-05-11 00:00:00+00:00,1571,2560.6,527,683.75,1936,836.25
2020-05-12 00:00:00+00:00,1522,2654,527.15,687.1,1948,848
2020-05-13 00:00:00+00:00,1564.75,2680.05,526.7,694,1944.5,863.6
2020-05-14 00:00:00+00:00,1524,2697.05,515,658.2,1902,849
2020-05-15 00:00:00+00:00,1553.05,2660,512.2,653,1903,846.25
2020-05-18 00:00:00+00:00,1501,2477.5,512,659.45,1940.05,814.2
2020-05-19 00:00:00+00:00,1504.4,2510,519.2,670,1948.1,828.5
2020-05-20 00:00:00+00:00,1500.05,2554,526.45,666,1952.2,854
2020-05-21 00:00:00+00:00,1577.5,2623,534.9,674.2,1990.1,849
2020-05-22 00:00:00+00:00,1613.05,2561,530.1,691.9,2015.15,848.3
2020-05-26 00:00:00+00:00,1630,2561,527.05,682,1949.45,892.3
2020-05-27 00:00:00+00:00,1616.2,2568,528,706.2,2008,885
2020-05-28 00:00:00+00:00,1638,2603,543.9,706.9,2006.25,900
2020-05-29 00:00:00+00:00,1675,2708,551,691,1980,890.05
2020-06-01 00:00:00+00:00,1692,2749.85,557,699.55,2038,958.5
2020-06-02 00:00:00+00:00,1707.25,2793,562.95,708.2,2049.05,978.75
2020-06-03 00:00:00+00:00,1720.75,2790,565.35,702.5,2048,984.4
2020-06-04 00:00:00+00:00,1636.9,2814.4,580.95,707.05,2094.95,970.5
2020-06-05 00:00:00+00:00,1640.9,2779,576.45,704.75,2051.9,995
2020-06-08 00:00:00+00:00,1637.75,2797.95,578,721.05,2069.1,1034.6
2020-06-09 00:00:00+00:00,1640.05,2780,570,715.75,2075,992
2020-06-10 00:00:00+00:00,1638.8,2726,578,714.95,2109,974.45
2020-06-11 00:00:00+00:00,1609,2718,576.25,705,2068,953.95
2020-06-12 00:00:00+00:00,1633.85,2797,571,691,2037.6,976.4
2020-06-15 00:00:00+00:00,1617,2732.1,579.25,688.1,2036.2,947.35
2020-06-16 00:00:00+00:00,1624,2713.25,579.2,700.7,2041.8,959
2020-06-17 00:00:00+00:00,1595,2687,575.6,704.6,2045.75,964.5
2020-06-18 00:00:00+00:00,1590,2680,577.9,713.9,2036.2,977.5
2020-06-19 00:00:00+00:00,1624.5,2675.95,572,708,2043.65,977
2020-06-22 00:00:00+00:00,1652,2863.9,569.95,703.25,2032,977.8
2020-06-23 00:00:00+00:00,1689,2864,578.9,720.15,2039,999.95
2020-06-24 00:00:00+00:00,1747.2,2809.8,561.2,715.2,2041.1,990.9
2020-06-25 00:00:00+00:00,1692,2817,548.5,700.7,2015.4,978
2020-06-26 00:00:00+00:00,1691.55,2860,562.8,747,2115.2,968
2020-06-29 00:00:00+00:00,1695,2850,552.85,731.45,2103.45,961
2020-06-30 00:00:00+00:00,1687,2834,557,733.7,2085.05,952.25
2020-07-01 00:00:00+00:00,1687.4,2837.8,551.2,730.85,2100,948
2020-07-02 00:00:00+00:00,1689,2882,570.85,756.85,2159,984.2
2020-07-03 00:00:00+00:00,1694.25,2935.05,578.45,762.15,2195,1003.5
2020-07-06 00:00:00+00:00,1708.65,2901,578.55,764.4,2261,1013
2020-07-07 00:00:00+00:00,1746,2850,593,789.9,2269.9,1013.35
2020-07-08 00:00:00+00:00,1689,2857.05,574,774.5,2219,992.1
2020-07-09 00:00:00+00:00,1715.85,2882.05,588,782.05,2212.5,993
2020-07-10 00:00:00+00:00,1705,2888.5,582,779.9,2221.1,965.9
2020-07-13 00:00:00+00:00,1705,2903.1,604,796.1,2222.25,965.05
2020-07-14 00:00:00+00:00,1692.5,2900,590.85,784.95,2175,975.2
2020-07-15 00:00:00+00:00,1679.5,2940,618.95,833.7,2236.8,968.3
2020-07-16 00:00:00+00:00,1694,2936,634,910,2233,960.05
2020-07-17 00:00:00+00:00,1721.5,2996,624.05,905.7,2207,997
2020-07-20 00:00:00+00:00,1752,3009,649.85,942.95,2214,1001.45
2020-07-21 00:00:00+00:00,1720,3000.95,652.5,937.35,2228.6,1016.8
2020-07-22 00:00:00+00:00,1698,2981.2,650.65,919.15,2190,1065.5
2020-07-23 00:00:00+00:00,1729.5,3037.3,650.95,911.25,2174.2,1068
2020-07-24 00:00:00+00:00,1718,2980.05,682.85,921.2,2158.8,1057.05
2020-07-27 00:00:00+00:00,1771,3015,700.45,947.15,2205,1042.35
2020-07-28 00:00:00+00:00,1757,3127,711,960.6,2310.2,1048.65
2020-07-29 00:00:00+00:00,1736.15,3093.9,694.4,951.95,2279,1040.45
2020-07-30 00:00:00+00:00,1745,3045,696,962.15,2281,1040.1
2020-07-31 00:00:00+00:00,1722.25,3000,706,967.8,2291,1048.5
2020-08-03 00:00:00+00:00,1705,2928,707.7,955.3,2249,1077.25
2020-08-04 00:00:00+00:00,1714,2965.8,692.5,951.6,2249.95,1070.9
2020-08-05 00:00:00+00:00,1720,3016.05,689.5,944.5,2257,1105
2020-08-06 00:00:00+00:00,1730.9,2999,703.4,972.3,2309.85,1122.55
2020-08-07 00:00:00+00:00,1806.85,3001.95,689.9,951.8,2295,1091.3
2020-08-10 00:00:00+00:00,1781.55,2989.85,693.25,950.45,2282.95,1103.15
2020-08-11 00:00:00+00:00,1787.6,3003,684.25,950.5,2282.5,1068
2020-08-12 00:00:00+00:00,1799,3032.6,715.65,952.85,2262,1058.5
2020-08-13 00:00:00+00:00,1803,3022.8,719,952.3,2260,1097.75
2020-08-14 00:00:00+00:00,1798,2981,708.15,954.15,2243.85,1110.75
2020-08-17 00:00:00+00:00,1830.25,3117,719,959.1,2260,1123
2020-08-18 00:00:00+00:00,1875.35,3102.15,715.35,967.1,2269.8,1147.65
2020-08-19 00:00:00+00:00,1885.1,3067.5,711,960.8,2259.95,1148.75
2020-08-20 00:00:00+00:00,1879,3036.5,709.9,951.8,2249,1129
2020-08-21 00:00:00+00:00,1957.9,3056.55,705.6,950,2249.75,1138
2020-08-24 00:00:00+00:00,1962.4,3037.05,707.9,948.55,2250.9,1128.6
2020-08-25 00:00:00+00:00,2002.95,3013.4,701,938.6,2242,1138
2020-08-26 00:00:00+00:00,1970.4,3076,713.5,953.7,2256,1132.1
2020-08-27 00:00:00+00:00,1985,3043.1,711.8,950.8,2248.1,1139.2
2020-08-28 00:00:00+00:00,1961,3024.95,705.55,935.8,2238.25,1135.75
2020-08-31 00:00:00+00:00,1893.55,2959.2,689,919.8,2245.95,1095
2020-09-01 00:00:00+00:00,1982.85,2960,692.4,917.95,2250,1123
2020-09-02 00:00:00+00:00,1950,2893,702.7,923.6,2263.75,1121
2020-09-03 00:00:00+00:00,1979,2902,707.8,935.2,2300,1185.3
2020-09-04 00:00:00+00:00,1957.1,2892,702,920.5,2300,1160.85
2020-09-07 00:00:00+00:00,1983,2903,707.05,926.55,2330,1165
2020-09-08 00:00:00+00:00,1955.9,2900,721.85,938.8,2342.8,1159.65
2020-09-09 00:00:00+00:00,1982.9,2913.75,722.6,928.2,2322,1159
2020-09-10 00:00:00+00:00,2062.9,2913,720.7,939.65,2329.1,1156
2020-09-11 00:00:00+00:00,2039.05,2916,720.05,944.5,2370.3,1164.45
2020-09-14 00:00:00+00:00,2029.85,2939,793,975.4,2485,1186.45
2020-09-15 00:00:00+00:00,2017,2942.5,791.85,981.15,2489.45,1172
2020-09-16 00:00:00+00:00,2015,3040.65,788.45,1001.9,2502,1179.15
2020-09-17 00:00:00+00:00,2008.2,3023.1,807,1011,2466.05,1180.3
2020-09-18 00:00:00+00:00,2037,3038.9,810,1001.4,2457.5,1162.4
2020-09-21 00:00:00+00:00,1973,2962.2,801.15,1007,2468,1116.95
2020-09-22 00:00:00+00:00,1934.65,2982,826,1007.55,2527,1101.5
2020-09-23 00:00:00+00:00,1949,2985,815,1019.85,2463,1114.3
2020-09-24 00:00:00+00:00,1915,2922,788,977.8,2332,1093.65
2020-09-25 00:00:00+00:00,1924.7,2961,830.9,1007,2418,1109.9
2020-09-28 00:00:00+00:00,1953,2964,833,1011.5,2429,1137
2020-09-29 00:00:00+00:00,1961.95,2901,815.35,1013.85,2486.75,1169
2020-09-30 00:00:00+00:00,1981.6,2878,810.8,1006.5,2483,1197.1
2020-10-01 00:00:00+00:00,2044.05,2999,813.7,1018.55,2538.7,1196.55
2020-10-05 00:00:00+00:00,2031,2946,823.55,1048.1,2712.8,1189.9
2020-10-06 00:00:00+00:00,2090.3,2975,828,1056.45,2719.15,1200
2020-10-07 00:00:00+00:00,2100.25,3080,829.9,1071,2752.8,1252.5
2020-10-08 00:00:00+00:00,2091.85,3074.35,849.5,1094,2818.1,1252.05
2020-10-09 00:00:00+00:00,2050.75,3059.65,857.65,1112.45,2810,1254.95
2020-10-12 00:00:00+00:00,2086,3018.5,866.2,1139.2,2828,1257.55
2020-10-13 00:00:00+00:00,2067.85,3031,900.95,1160,2830.5,1224.35
2020-10-14 00:00:00+00:00,2073.45,3049,887,1138,2810,1219.5
2020-10-15 00:00:00+00:00,2079.9,3022,863.45,1113.25,2736.75,1213
2020-10-16 00:00:00+00:00,2064,3051.55,830.05,1129.5,2757,1223
2020-10-19 00:00:00+00:00,2072.7,2986,846.4,1127.55,2715,1228.3
2020-10-20 00:00:00+00:00,2131,3004.05,880.4,1135.9,2740,1233.9
2020-10-21 00:00:00+00:00,2107,3020.15,866.1,1146.75,2677.5,1240.3
2020-10-22 00:00:00+00:00,2095.75,2996.55,866,1135.35,2672.8,1225.6
2020-10-23 00:00:00+00:00,2116.4,3090,852.5,1122.4,2687.4,1242.45
2020-10-26 00:00:00+00:00,2080,2897,847.45,1114.2,2690,1220
2020-10-27 00:00:00+00:00,2202,2942.5,849.4,1094.5,2634.45,1235
2020-10-28 00:00:00+00:00,2161.1,2932.5,829,1077.85,2617.05,1218
2020-10-29 00:00:00+00:00,2222,2921.1,836.4,1073,2632.1,1175.75
2020-10-30 00:00:00+00:00,2210,2885.6,844.75,1059.7,2661.5,1167.5
2020-11-02 00:00:00+00:00,2180,2848,822.8,1068.7,2608,1168.3
2020-11-03 00:00:00+00:00,2157.95,2915.35,813.5,1062.9,2629,1200.7
2020-11-04 00:00:00+00:00,2169.95,2930,817.95,1095,2656,1214.45
2020-11-05 00:00:00+00:00,2234,2966,845,1104.95,2688,1250
2020-11-06 00:00:00+00:00,2205,2972.7,854.8,1119,2711,1255.6
2020-11-09 00:00:00+00:00,2219.95,2998,859,1135.1,2725.35,1284.45
2020-11-10 00:00:00+00:00,2204.55,2997.25,812,1093.6,2654,1305.15
2020-11-11 00:00:00+00:00,2178,3016.4,827,1124,2687.5,1278
2020-11-12 00:00:00+00:00,2175.45,3015.7,824.5,1119.6,2674.75,1277.1
2020-11-13 00:00:00+00:00,2181.8,3041,827.85,1123.45,2661,1287.05
2020-11-14 00:00:00+00:00,2189,3032.8,830.5,1134.1,2673.25,1282.35
2020-11-17 00:00:00+00:00,2189,3044.95,816.5,1126,2661.25,1300
2020-11-18 00:00:00+00:00,2194,3033,813.8,1111.65,2626.4,1280.55
2020-11-19 00:00:00+00:00,2159.2,3027.8,805,1096.55,2640.25,1292
2020-11-20 00:00:00+00:00,2160.55,3059,820,1104,2658,1362.05
2020-11-23 00:00:00+00:00,2188,3072.7,838.2,1138.5,2727.25,1342.95
2020-11-24 00:00:00+00:00,2205,3094.9,841,1141,2726,1328
2020-11-25 00:00:00+00:00,2156.5,3045,825.2,1118.8,2699.9,1304.8
2020-11-26 00:00:00+00:00,2160,3145,841.2,1118,2727,1332
2020-11-27 00:00:00+00:00,2189.9,3170,823.15,1112.35,2678,1334
2020-12-01 00:00:00+00:00,2226,3242,835,1137.05,2729,1343
2020-12-02 00:00:00+00:00,2314,3326.8,844,1142,2747,1386.25
2020-12-03 00:00:00+00:00,2404,3300,862.05,1125,2711,1416.9
2020-12-04 00:00:00+00:00,2444,3311.25,857.85,1134,2724,1432.85
2020-12-07 00:00:00+00:00,2474,3322,855,1142.85,2741,1427.75
2020-12-08 00:00:00+00:00,2444,3334.15,864,1153,2797,1427.25
2020-12-09 00:00:00+00:00,2528,3307.6,871.35,1176.95,2812.05,1428.35
2020-12-10 00:00:00+00:00,2530,3295,869.5,1168,2781.1,1424.9
2020-12-11 00:00:00+00:00,2518,3317.65,865.15,1165,2782,1447.65
2020-12-14 00:00:00+00:00,2541.9,3288,873.05,1163.5,2796.55,1461.5
2020-12-15 00:00:00+00:00,2531.05,3271,885,1154.4,2763.95,1464.8
2020-12-16 00:00:00+00:00,2583.95,3307,881.95,1164,2810.1,1499
2020-12-17 00:00:00+00:00,2580,3265,878,1159.4,2848,1503.9
2020-12-18 00:00:00+00:00,2596.95,3352.2,890.35,1185.55,2852,1522
2020-12-21 00:00:00+00:00,2539.1,3227.8,871.5,1175.4,2810,1468
2020-12-22 00:00:00+00:00,2603.9,3279.1,917,1220,2870.65,1504.9
2020-12-23 00:00:00+00:00,2638.15,3315,921.9,1251.95,2907.15,1491
2020-12-24 00:00:00+00:00,2641.85,3365.2,917,1237.5,2908.95,1498.2
2020-12-28 00:00:00+00:00,2684,3420,922.7,1239.45,2932.1,1543.35
2020-12-29 00:00:00+00:00,2693,3434.5,936,1249.85,2933,1537.15
2020-12-30 00:00:00+00:00,2737.2,3445.1,941.15,1243.65,2910,1551.8
2020-12-31 00:00:00+00:00,2760.55,3435,945.7,1253.5,2864.7,1560.25
2021-01-01 00:00:00+00:00,2770.1,3479,950.25,1259.5,2932,1558
2021-01-04 00:00:00+00:00,2754,3515,978.3,1287.55,3040,1549.1
2021-01-05 00:00:00+00:00,2796,3490.2,992.5,1290.35,3092,1574
2021-01-06 00:00:00+00:00,2799.95,3462.35,977.8,1282.15,3054,1569.1
2021-01-07 00:00:00+00:00,2791,3444,963.9,1266.5,3049.5,1544.7
2021-01-08 00:00:00+00:00,2842.6,3527.55,994.65,1311.5,3122.7,1548.55
2021-01-11 00:00:00+00:00,2846,3624.4,1052.85,1375.95,3168.6,1562.1
2021-01-12 00:00:00+00:00,2757,3607.3,1063.5,1376.5,3169.95,1530
2021-01-13 00:00:00+00:00,2700,3600,1057,1388.65,3158,1508
2021-01-14 00:00:00+00:00,2667,3572.15,1031,1370.5,3244.35,1489.9
2021-01-15 00:00:00+00:00,2587.8,3581,989,1343.4,3225,1478.5
2021-01-18 00:00:00+00:00,2581.45,3565,978.1,1310,3213.75,1495.95
2021-01-19 00:00:00+00:00,2651,3629,986.9,1319.5,3269,1516.1
2021-01-20 00:00:00+00:00,2695,3640,998.85,1338.85,3305,1530
2021-01-21 00:00:00+00:00,2741.4,3727.35,991.55,1342,3274.05,1521.55
2021-01-22 00:00:00+00:00,2599,4119.25,985.95,1336,3292.2,1489.8
2021-01-25 00:00:00+00:00,2519.05,4165,948,1335,3295.05,1498.6
2021-01-27 00:00:00+00:00,2433,4120.15,957.4,1302.85,3263.95,1436.95
2021-01-28 00:00:00+00:00,2448,4150,933,1276.5,3202.95,1448.1
2021-01-29 00:00:00+00:00,2412.5,4023,914.4,1250,3123.9,1422
2021-02-01 00:00:00+00:00,2466.8,4130,932.1,1267.35,3155.9,1505.75
2021-02-02 00:00:00+00:00,2469.95,4205,956.1,1274.5,3195,1488
2021-02-03 00:00:00+00:00,2454.45,4233.3,961.5,1285,3200,1520.1
2021-02-04 00:00:00+00:00,2406,4234.8,957,1279,3185.5,1512
2021-02-05 00:00:00+00:00,2380,4229,947.95,1273,3161,1511.9
2021-02-08 00:00:00+00:00,2424,4233.3,959.25,1310,3219,1544.95
2021-02-09 00:00:00+00:00,2508,4160,954,1307.5,3178.4,1563.6
2021-02-10 00:00:00+00:00,2510.15,4154,959.9,1297,3215.5,1585
2021-02-11 00:00:00+00:00,2508,4179.8,972,1292.2,3204.5,1524.9
2021-02-12 00:00:00+00:00,2488,4139,962.8,1312,3188.25,1495.05
2021-02-15 00:00:00+00:00,2463,4129,955.5,1312,3148,1484.3
2021-02-16 00:00:00+00:00,2453,4143.75,954,1294.5,3113,1475
2021-02-17 00:00:00+00:00,2389.05,4156.35,943,1280.5,3073.25,1463.7
2021-02-18 00:00:00+00:00,2471,4106,950,1289.35,3055,1435.5
2021-02-19 00:00:00+00:00,2423.2,4002,949.9,1293,3078,1430.55
2021-02-22 00:00:00+00:00,2387.3,3946.5,918.6,1264.15,2955.5,1405.5
2021-02-23 00:00:00+00:00,2377,3914.25,911.35,1268,2985.1,1426.8
2021-02-24 00:00:00+00:00,2360,3939.5,913,1272.7,2946.85,1451
2021-02-25 00:00:00+00:00,2369.9,3965,931.8,1275,2984,1440.25
2021-02-26 00:00:00+00:00,2277,3783.85,911,1254,2901.05,1408
2021-03-01 00:00:00+00:00,2366.95,3822,931,1271,2935,1454
2021-03-02 00:00:00+00:00,2391,3950.55,952.2,1308,3018,1468.5
2021-03-03 00:00:00+00:00,2400,3897.95,963.35,1340.95,3053,1470
2021-03-04 00:00:00+00:00,2414,3884,960.25,1334.6,3042.5,1469
2021-03-05 00:00:00+00:00,2385,3854.85,943.5,1322,3025,1474
2021-03-08 00:00:00+00:00,2386,3794.95,961.75,1336.05,3008.7,1455
2021-03-09 00:00:00+00:00,2420,3795.7,976.1,1344.6,3060.5,1457.35
2021-03-10 00:00:00+00:00,2429.35,3879,987,1366.5,3070,1472
2021-03-12 00:00:00+00:00,2402.55,3750,980,1375.3,3054.1,1483
2021-03-15 00:00:00+00:00,2357.9,3673.15,992.85,1371.95,3062.05,1493.95
2021-03-16 00:00:00+00:00,2465.75,3651.75,1008.05,1384.45,3106,1504.75
2021-03-17 00:00:00+00:00,2420,3558.15,990.5,1387.1,3111.25,1471
2021-03-18 00:00:00+00:00,2410,3674.55,953.15,1341.6,3042,1463.2
2021-03-19 00:00:00+00:00,2411,3645.85,962,1348.95,3054.8,1462.95
2021-03-22 00:00:00+00:00,2427.95,3661.5,981.9,1371.5,3128,1467.1
2021-03-23 00:00:00+00:00,2410,3667,981,1369.8,3142,1491
2021-03-24 00:00:00+00:00,2443.9,3606,974.55,1355,3125,1485
2021-03-25 00:00:00+00:00,2402.85,3510.55,960.05,1336.7,3074.5,1451.6
2021-03-26 00:00:00+00:00,2498,3599.7,960,1338,3065,1506
2021-03-30 00:00:00+00:00,2571.15,3666.25,995.1,1388.65,3163.2,1549.95
2021-03-31 00:00:00+00:00,2542,3680,985.45,1367.3,3175,1556.95
2021-04-01 00:00:00+00:00,2545,3740,1001,1386.25,3167,1553
2021-04-05 00:00:00+00:00,2511,3598,1034.55,1415,3245,1535.95
2021-04-06 00:00:00+00:00,2610.1,3613.05,1029,1414,3266.5,1535
2021-04-07 00:00:00+00:00,2621.6,3681,1037,1430,3271,1517.95
2021-04-08 00:00:00+00:00,2643.95,3645,1037.15,1438.5,3314,1568.9
2021-04-09 00:00:00+00:00,2635,3653,1042.75,1441,3325,1594.6
2021-04-12 00:00:00+00:00,2602.35,3547.65,1013.6,1431.95,3249,1513
2021-04-13 00:00:00+00:00,2574.5,3605,988,1404,3120,1540
2021-04-15 00:00:00+00:00,2581.6,3599.95,994,1362,3227,1534
2021-04-16 00:00:00+00:00,2654,3625,1009.85,1349.6,3186.1,1545
2021-04-19 00:00:00+00:00,2575,3506.4,990,1362,3159.15,1520.6
2021-04-20 00:00:00+00:00,2547.9,3583.5,960.9,1349.9,3140,1522.25
2021-04-22 00:00:00+00:00,2510,3682,960.7,1351.95,3121.05,1481.85
2021-04-23 00:00:00+00:00,2523,3671,956.5,1333.9,3112,1468
2021-04-26 00:00:00+00:00,2558,3739,929.8,1345,3101.2,1480
2021-04-27 00:00:00+00:00,2571,3795,930.1,1347.9,3132.75,1494.65
2021-04-28 00:00:00+00:00,2612,3887.15,925.1,1355.8,3123,1507
2021-04-29 00:00:00+00:00,2613,3818.95,910.5,1356,3114.45,1504
2021-04-30 00:00:00+00:00,2529,3827,900.2,1348,3040.5,1489.85
2021-05-03 00:00:00+00:00,2590.5,3858.8,909.9,1349,3036,1423.7
2021-05-04 00:00:00+00:00,2589.8,3837,902.95,1331,3052.85,1403.5
2021-05-05 00:00:00+00:00,2571.75,3849,910.4,1341,3098,1428.1
2021-05-06 00:00:00+00:00,2553.5,3945,915.55,1360,3115.9,1441
2021-05-07 00:00:00+00:00,2554.9,3869,915.55,1352.7,3131,1440.95
2021-05-10 00:00:00+00:00,2548,3869.2,913.95,1340,3147,1453.25
2021-05-11 00:00:00+00:00,2561.7,3882,907.4,1332.05,3121,1436.4
2021-05-12 00:00:00+00:00,2560.15,3875.5,908.95,1327.1,3085.8,1459
2021-05-14 00:00:00+00:00,2774,3850,910.95,1320.15,3052,1455
2021-05-17 00:00:00+00:00,2782,3856.45,922,1328.55,3072.75,1467
2021-05-18 00:00:00+00:00,2816.45,4065,932,1338.5,3088.45,1541
2021-05-19 00:00:00+00:00,2808,4111,932.4,1334.65,3084.9,1521.35
2021-05-20 00:00:00+00:00,2791.05,4080,925.45,1341.95,3060.65,1535.5
2021-05-21 00:00:00+00:00,2830,4125,932,1356,3080.5,1537.95
2021-05-24 00:00:00+00:00,2820,4154.7,933,1349.35,3082.4,1522.95
2021-05-25 00:00:00+00:00,2918.05,4142.45,941,1364,3118,1571.15
2021-05-26 00:00:00+00:00,2940,4170,946.15,1395,3158.5,1584.5
2021-05-27 00:00:00+00:00,2965,4260,943.5,1408.9,3199,1600
2021-05-28 00:00:00+00:00,2935.7,4203,944,1407.7,3152,1578.2
2021-05-31 00:00:00+00:00,2976.1,4186.75,945.95,1395,3163.5,1594
2021-06-01 00:00:00+00:00,2924.95,4239.8,950.2,1388.1,3153.9,1590.3
2021-06-02 00:00:00+00:00,2906,4294.3,944.7,1381,3135,1586
2021-06-03 00:00:00+00:00,2935.8,4271.05,939,1390.8,3144.9,1694
2021-06-04 00:00:00+00:00,2919.65,4240,935.45,1385.5,3138.5,1684
2021-06-07 00:00:00+00:00,2933.4,4245,951.45,1390.5,3187,1682.95
2021-06-08 00:00:00+00:00,2925,4268.95,967.15,1413,3202,1710
2021-06-09 00:00:00+00:00,2942,4226.95,971.6,1415,3199.7,1730
2021-06-10 00:00:00+00:00,2955.6,4184,969.8,1424.35,3216,1736
2021-06-11 00:00:00+00:00,2955.1,4173,982.8,1446.05,3281.85,1729.5
2021-06-14 00:00:00+00:00,2953.7,4145,984.9,1460,3277.9,1736.8
2021-06-15 00:00:00+00:00,3035,4137,985.05,1474,3261,1721.9
2021-06-16 00:00:00+00:00,3017.95,4104,983,1479,3269.7,1712.6
2021-06-17 00:00:00+00:00,3059.9,4052.25,985,1502,3328.5,1706
2021-06-18 00:00:00+00:00,3050.05,4177.45,974.8,1510,3303,1722
2021-06-21 00:00:00+00:00,3071.2,4180,981.5,1502,3273,1742
2021-06-22 00:00:00+00:00,3010,4208.45,978,1511.35,3305,1756
2021-06-23 00:00:00+00:00,2995,4204,974.25,1503,3264,1783
2021-06-24 00:00:00+00:00,3044,4229.9,985,1555.5,3370,1777.1
2021-06-25 00:00:00+00:00,3006.9,4192.95,993.55,1574,3371.2,1755
2021-06-28 00:00:00+00:00,2986.65,4187,985.7,1570,3342,1730.75
2021-06-29 00:00:00+00:00,3003,4120,985.05,1563,3335.25,1730
2021-06-30 00:00:00+00:00,3002,4141,985.45,1580.5,3351,1737.25
2021-07-01 00:00:00+00:00,3023.15,4207,985,1561.1,3338,1742.9
2021-07-02 00:00:00+00:00,3004,4184,985.7,1566,3326.9,1750
2021-07-05 00:00:00+00:00,3011.05,4200,979.8,1581.35,3328,1751
2021-07-06 00:00:00+00:00,3006.5,4198,974,1562,3273.65,1761
2021-07-07 00:00:00+00:00,3035.85,4197.8,976,1562.5,3274.05,1726.85
2021-07-08 00:00:00+00:00,3034,4073,976.4,1560,3253,1725
2021-07-09 00:00:00+00:00,3013,3998.95,977.95,1564.9,3211.8,1720
2021-07-12 00:00:00+00:00,3000,3964,978.5,1547,3199,1720
2021-07-13 00:00:00+00:00,2998.8,3967.8,970,1545.5,3190.4,1725
2021-07-14 00:00:00+00:00,3001,3955,987.9,1577.4,3214.4,1709.65
2021-07-15 00:00:00+00:00,2988.5,3943,1039.05,1579,3202,1699
2021-07-16 00:00:00+00:00,2989,3934,1006,1556.75,3195,1695
2021-07-19 00:00:00+00:00,2980,3885.95,1001.9,1544.55,3184.9,1680.1
2021-07-20 00:00:00+00:00,3145.05,3909,977,1548.2,3201.3,1669.15
2021-07-22 00:00:00+00:00,3101.35,3859.7,979,1589,3214.7,1706
2021-07-23 00:00:00+00:00,3085.15,3840,994,1588.35,3210,1700.75
2021-07-26 00:00:00+00:00,3059.55,3840,1000,1603.9,3200.35,1721.5
2021-07-27 00:00:00+00:00,3028.15,3821,993.15,1601.35,3187.95,1726.95
2021-07-28 00:00:00+00:00,2999.95,3810.8,984.85,1606.4,3199.9,1719.1
2021-07-29 00:00:00+00:00,2999,3756.25,1008,1615.5,3194,1736
2021-07-30 00:00:00+00:00,2956,3841,1023.25,1611.75,3166.35,1721
2021-08-02 00:00:00+00:00,2978,3838,1036.35,1632,3220,1776
2021-08-03 00:00:00+00:00,3029.6,3826.85,1039,1655.15,3278.95,1842.15
2021-08-04 00:00:00+00:00,3016.2,3842,1040.7,1649,3275,1799.95
2021-08-05 00:00:00+00:00,2990,3825,1058.8,1652,3282.15,1800
2021-08-06 00:00:00+00:00,2971,3850.05,1050,1653.8,3311.9,1789
2021-08-09 00:00:00+00:00,2990,3858.1,1047.8,1663,3321,1800.5
2021-08-10 00:00:00+00:00,2978,3798,1061.75,1674.15,3331.7,1804.9
2021-08-11 00:00:00+00:00,2969.95,3735,1066.5,1675.1,3347,1789.95
2021-08-12 00:00:00+00:00,2979,3764.75,1094.3,1684.95,3348.95,1825
2021-08-13 00:00:00+00:00,2981.05,3826,1123.95,1713.95,3456.05,1836.2
2021-08-16 00:00:00+00:00,2976,3750,1122,1702.95,3464.75,1837
2021-08-17 00:00:00+00:00,3013,3807,1141.8,1735,3542,1877.5
2021-08-18 00:00:00+00:00,2999,3835,1133,1732.3,3559.8,1875
2021-08-20 00:00:00+00:00,3105.05,3740,1120.3,1729.05,3551.6,1873
2021-08-23 00:00:00+00:00,3077,3667,1165,1739.6,3637,1871.15
2021-08-24 00:00:00+00:00,3046,3717,1151.9,1721.5,3615.05,1873
2021-08-25 00:00:00+00:00,3043,3688,1154,1739,3665,1828
2021-08-26 00:00:00+00:00,3040.65,3694,1168.1,1723.4,3660,1815
2021-08-27 00:00:00+00:00,3039,3698,1162,1707,3717,1819.35
2021-08-30 00:00:00+00:00,3106.65,3719,1166,1699.85,3709,1883.7
2021-08-31 00:00:00+00:00,3202.05,3734,1179.3,1713,3797.9,1920
2021-09-01 00:00:00+00:00,3302.8,3753.5,1165,1677.25,3718,1943.9
2021-09-02 00:00:00+00:00,3299.15,3726,1174.6,1686.05,3827.9,1964.9
2021-09-03 00:00:00+00:00,3333.15,3764.25,1173.2,1700.5,3835,2021
2021-09-06 00:00:00+00:00,3320,3776.55,1207.9,1731,3847.9,2020
2021-09-07 00:00:00+00:00,3339.05,3772,1184,1708,3823.85,2030.85
2021-09-08 00:00:00+00:00,3337.45,3725,1188.25,1696.3,3776,2059.9
2021-09-09 00:00:00+00:00,3343,3699.8,1198.95,1687.95,3793,2035
2021-09-13 00:00:00+00:00,3360.05,3694.9,1208.75,1690.85,3841.5,2032
2021-09-14 00:00:00+00:00,3358.45,3754.55,1237,1686.5,3881.2,2052.95
2021-09-15 00:00:00+00:00,3350,3789.2,1271.1,1711,3950,2118
2021-09-16 00:00:00+00:00,3340,3810.05,1264,1701.35,3903.1,2107
2021-09-17 00:00:00+00:00,3311,3832,1262.95,1692,3826.55,2103.75
2021-09-20 00:00:00+00:00,3273.6,3775,1268.1,1687.4,3820.05,2076.9
2021-09-21 00:00:00+00:00,3308,3732,1298.7,1717.65,3861.95,2089
2021-09-22 00:00:00+00:00,3319.8,3754.3,1316,1715.65,3856.75,2077.65
2021-09-23 00:00:00+00:00,3326,3795,1327,1742.1,3872,2105.1
2021-09-24 00:00:00+00:00,3444.8,3811,1359.75,1764.1,3878.75,2095.7
2021-09-27 00:00:00+00:00,3423,3913,1299,1723,3839,2092.5
2021-09-28 00:00:00+00:00,3384,3899.55,1272.5,1686.2,3777.05,2133.85
2021-09-29 00:00:00+00:00,3322.9,3892,1282.6,1689,3790.8,2152.7
2021-09-30 00:00:00+00:00,3249,3836,1280,1678.4,3778.7,2162.95
2021-10-01 00:00:00+00:00,3180.95,3841,1273,1665.6,3728.65,2160
2021-10-04 00:00:00+00:00,3202,3823,1281.5,1681.9,3779,2155
2021-10-05 00:00:00+00:00,3260,3865,1307.95,1691.7,3839.05,2197.85
2021-10-06 00:00:00+00:00,3206.45,3772,1274.55,1672.65,3813.8,2148.9
2021-10-07 00:00:00+00:00,3294.95,3836.9,1304.25,1690.35,3898,2374
2021-10-08 00:00:00+00:00,3310,3818,1324.9,1723.85,3943,2355.45
2021-10-11 00:00:00+00:00,3303.95,3855,1305.95,1693.25,3687.95,2367.05
2021-10-12 00:00:00+00:00,3322,3979,1254.9,1688.15,3658,2506
2021-10-13 00:00:00+00:00,3320,3967.9,1265,1708,3658.05,2540
2021-10-14 00:00:00+00:00,3297,3961.9,1246.05,1714,3614,2562.4
2021-10-18 00:00:00+00:00,3242,3917,1224.85,1797,3649.5,2596
2021-10-19 00:00:00+00:00,3187,3912,1232,1823.5,3634.95,2496
2021-10-20 00:00:00+00:00,3177,3850,1233,1798.9,3607.95,2420
2021-10-21 00:00:00+00:00,3012,3815,1214,1757,3532.95,2405.05
2021-10-22 00:00:00+00:00,2971.05,3869,1192.8,1717.85,3501.85,2415
2021-10-25 00:00:00+00:00,2923,3765,1168,1708.4,3491,2379
2021-10-26 00:00:00+00:00,3009.15,3792.5,1168,1708.9,3485.95,2466.5
2021-10-27 00:00:00+00:00,3092.15,3767.4,1177,1724,3488.45,2460
2021-10-28 00:00:00+00:00,3125,3705.4,1153.6,1705.85,3422,2384.8
2021-10-29 00:00:00+00:00,3108,3714.9,1145,1671,3404,2390
2021-11-01 00:00:00+00:00,3117.3,3726.1,1188,1701.35,3482.35,2407.8
2021-11-02 00:00:00+00:00,3088.95,3748.95,1172.2,1699,3484,2451.95
2021-11-03 00:00:00+00:00,3178.9,3701.5,1177,1702.2,3488.05,2421
2021-11-04 00:00:00+00:00,3158.95,3760,1183.5,1705.5,3508.65,2435
2021-11-08 00:00:00+00:00,3139,3773.5,1183,1740,3506,2537
2021-11-09 00:00:00+00:00,3145.8,3795,1172.3,1742,3503,2516.5
2021-11-10 00:00:00+00:00,3107,3780,1169,1742,3484.5,2484
2021-11-11 00:00:00+00:00,3066,3759.5,1161.25,1735,3503.2,2526.6
2021-11-12 00:00:00+00:00,3124.75,3640,1173.95,1775.3,3524,2536.5
2021-11-15 00:00:00+00:00,3165,3598,1169.85,1785,3550,2536.95
2021-11-16 00:00:00+00:00,3153,3607.95,1163,1793,3548,2523.9
2021-11-17 00:00:00+00:00,3229,3582,1150.35,1790.55,3520.8,2497.4
2021-11-18 00:00:00+00:00,3215.2,3544.05,1117,1772.55,3471.95,2472
2021-11-22 00:00:00+00:00,3263.35,3441,1113.3,1761.3,3463.75,2394
2021-11-23 00:00:00+00:00,3179.9,3445,1116,1728.8,3472,2385
2021-11-24 00:00:00+00:00,3150,3389.95,1115.95,1690.2,3432,2371.05
2021-11-25 00:00:00+00:00,3141.85,3393,1125.7,1722.5,3450,2398
2021-11-26 00:00:00+00:00,3138,3335,1111.65,1690,3440,2292.25
2021-11-29 00:00:00+00:00,3138,3296,1134,1696.2,3502,2330.2
2021-11-30 00:00:00+00:00,3145.8,3230,1139.35,1718.55,3535,2371
2021-12-01 00:00:00+00:00,3137.75,3252.2,1158,1717.9,3579,2364
2021-12-02 00:00:00+00:00,3175.55,3328,1183,1747,3637,2384.75
2021-12-03 00:00:00+00:00,3115,3287,1171.4,1738.4,3641,2369
2021-12-06 00:00:00+00:00,3036.9,3250,1137.8,1695,3533.8,2333
2021-12-07 00:00:00+00:00,3033,3285.6,1148.1,1711.45,3590,2384.7
2021-12-08 00:00:00+00:00,3109.9,3326,1170.05,1752.4,3624,2405
2021-12-09 00:00:00+00:00,3178,3331.15,1168,1760,3600,2373
2021-12-10 00:00:00+00:00,3279,3344.6,1161,1757.05,3630,2336.85
2021-12-13 00:00:00+00:00,3284.75,3309.95,1159.3,1747,3616.8,2355
2021-12-14 00:00:00+00:00,3294,3297.4,1160.25,1744,3619.95,2369.95
2021-12-15 00:00:00+00:00,3292.9,3303,1146.9,1734.9,3571,2321.25
2021-12-16 00:00:00+00:00,3300,3249.95,1163.35,1776.2,3585,2360
2021-12-17 00:00:00+00:00,3241.45,3205.3,1170,1823,3578.9,2279.7
2021-12-20 00:00:00+00:00,3239.2,3101,1160.95,1799.9,3559.3,2238.15
2021-12-21 00:00:00+00:00,3273,3125,1210,1814.7,3611,2290.45
2021-12-22 00:00:00+00:00,3274,3137.05,1222.6,1825,3630,2302
2021-12-23 00:00:00+00:00,3271.85,3180.8,1226.5,1856.15,3660.65,2333.5
2021-12-24 00:00:00+00:00,3285,3156.4,1262.6,1863.35,3671,2318.5
2021-12-27 00:00:00+00:00,3270.7,3159,1267,1867.5,3696,2334
2021-12-28 00:00:00+00:00,3365,3175.9,1280,1885.2,3706.95,2378
2021-12-29 00:00:00+00:00,3363,3269,1291.5,1883.25,3691.8,2396.6
2021-12-30 00:00:00+00:00,3368,3201,1317,1896.1,3736,2445.7
2021-12-31 00:00:00+00:00,3384,3251,1319.45,1894.6,3740,2520
2022-01-03 00:00:00+00:00,3425.55,3279,1324,1899,3815,2529.75
2022-01-04 00:00:00+00:00,3454.25,3294.95,1335.5,1901,3878.7,2582
2022-01-05 00:00:00+00:00,3526,3355,1311.5,1848,3856,2574
2022-01-06 00:00:00+00:00,3511,3415.1,1286.9,1820.5,3809.95,2595.95
2022-01-07 00:00:00+00:00,3570.1,3399.9,1287.95,1816,3858.9,2571
2022-01-10 00:00:00+00:00,3550,3436,1289.95,1853,3883.6,2653.6
2022-01-11 00:00:00+00:00,3535.05,3435,1346,1860.9,3916,2652
2022-01-12 00:00:00+00:00,3547,3435.1,1348.45,1877,3856.75,2611
2022-01-13 00:00:00+00:00,3458.15,3449,1327,1895.3,3898,2617.7
2022-01-14 00:00:00+00:00,3364,3429.35,1332,1925,3965.9,2596
2022-01-17 00:00:00+00:00,3371.15,3488,1260.5,1939.05,4025,2595
2022-01-18 00:00:00+00:00,3374.5,3417,1220.5,1917.5,3993,2597
2022-01-19 00:00:00+00:00,3284.85,3452.15,1201,1865,3919.5,2598.85
2022-01-20 00:00:00+00:00,3303,3309.5,1175,1825.2,3833.15,2567
2022-01-21 00:00:00+00:00,3278,3430,1169,1788,3842,2525
2022-01-24 00:00:00+00:00,3148.7,3390.05,1122,1734,3768.75,2403
2022-01-25 00:00:00+00:00,3151,3450.35,1124,1724,3764.9,2374.8
2022-01-27 00:00:00+00:00,3116.2,3504,1079.55,1687,3652.4,2313
2022-01-28 00:00:00+00:00,3119,3496.25,1080.9,1685.5,3695.05,2321.1
2022-01-31 00:00:00+00:00,3160,3550.1,1099.75,1737.85,3744.95,2355.1
2022-02-01 00:00:00+00:00,3205,3530.95,1134.8,1773.05,3805,2436.05
2022-02-02 00:00:00+00:00,3203.5,3535.05,1172,1787.65,3863.9,2468
2022-02-03 00:00:00+00:00,3195,3608.85,1158.05,1736.3,3817.2,2463.45
2022-02-04 00:00:00+00:00,3235,3564.95,1163.95,1740,3817,2466.95
2022-02-07 00:00:00+00:00,3171.5,3481,1158.95,1714,3781.8,2404.85
2022-02-08 00:00:00+00:00,3210,3447.55,1161.9,1708.6,3738,2442
2022-02-09 00:00:00+00:00,3230.45,3559,1179,1739,3761.4,2487
2022-02-10 00:00:00+00:00,3233.8,3566.2,1190.15,1771.6,3765.7,2485.3
2022-02-11 00:00:00+00:00,3207,3569,1162,1719.7,3693,2438.65
2022-02-14 00:00:00+00:00,3132.75,3476.95,1143.95,1684,3729.15,2395.8
2022-02-15 00:00:00+00:00,3262.5,3585,1173,1742,3834.55,2499.6
2022-02-16 00:00:00+00:00,3242.2,3586.4,1164.8,1731.5,3810,2483
2022-02-17 00:00:00+00:00,3255,3598.95,1161.9,1724,3783.85,2490.95
2022-02-18 00:00:00+00:00,3255.3,3635,1165.6,1705.95,3798.9,2490
2022-02-21 00:00:00+00:00,3258,3568.75,1164,1729.5,3718.95,2457.35
2022-02-22 00:00:00+00:00,3215,3591.9,1152.9,1733,3590.15,2448
2022-02-23 00:00:00+00:00,3239,3573,1151,1742.9,3571.9,2494.95
2022-02-24 00:00:00+00:00,3063.7,3436.55,1099,1674.8,3405.8,2399
2022-02-25 00:00:00+00:00,3122,3512,1131.35,1695,3523,2466
2022-02-28 00:00:00+00:00,3172,3532,1126,1719,3551,2554.85
2022-03-02 00:00:00+00:00,3041,3367.15,1114.2,1702.55,3549,2590
2022-03-03 00:00:00+00:00,2871.75,3302,1137.15,1721.9,3544.95,2573
2022-03-04 00:00:00+00:00,2744,3252.05,1139.95,1721.9,3518,2441
2022-03-07 00:00:00+00:00,2706.95,3229.65,1153.65,1740,3481.1,2390
2022-03-08 00:00:00+00:00,2729.5,3300.2,1172.95,1774.45,3594,2388
2022-03-09 00:00:00+00:00,2890,3350,1179.5,1817,3638,2435
2022-03-10 00:00:00+00:00,2898.95,3420,1187.85,1822.1,3621.05,2463
2022-03-11 00:00:00+00:00,2935,3425,1194.6,1821.4,3603,2493
2022-03-14 00:00:00+00:00,2960,3454.45,1207.5,1891,3645,2544.75
2022-03-15 00:00:00+00:00,2975.05,3450,1179.4,1838,3598,2550.8
2022-03-16 00:00:00+00:00,3038.15,3569.8,1197,1888,3662.9,2587.2
2022-03-17 00:00:00+00:00,3131.1,3642,1193,1871.05,3670.6,2702
2022-03-21 00:00:00+00:00,3050,3585.1,1167.3,1854.95,3620,2709
2022-03-22 00:00:00+00:00,3052.35,3650,1180,1887,3705,2715
2022-03-23 00:00:00+00:00,3014.55,3603,1179.5,1869,3711,2687
2022-03-24 00:00:00+00:00,3020,3595,1191.9,1881.85,3741,2619
2022-03-25 00:00:00+00:00,3045,3652,1184,1878,3710,2530
2022-03-28 00:00:00+00:00,3024.25,3680.5,1162.5,1870.65,3700,2540
2022-03-29 00:00:00+00:00,3040,3690,1169,1885.45,3702.75,2541
2022-03-30 00:00:00+00:00,3084.35,3689.8,1164,1899.75,3730,2520.8
2022-03-31 00:00:00+00:00,3080,3670,1163,1909,3742.85,2537.7
2022-04-01 00:00:00+00:00,3113,3733.3,1173.75,1906.8,3758,2526
2022-04-04 00:00:00+00:00,3116,3765,1187,1881,3772,2514.95
2022-04-05 00:00:00+00:00,3138,3804.15,1194.9,1860.5,3812.5,2548
2022-04-06 00:00:00+00:00,3151.15,3791,1171.9,1829.95,3752,2529.95
2022-04-07 00:00:00+00:00,3150.5,3811.6,1174.65,1815.95,3682.95,2457
2022-04-08 00:00:00+00:00,3206,3804,1166.35,1820,3690.05,2506.95
2022-04-11 00:00:00+00:00,3158,3780,1134.45,1770,3695.8,2490
2022-04-12 00:00:00+00:00,3123,3700.6,1131,1737.9,3686.7,2485
2022-04-13 00:00:00+00:00,3084,3694.65,1127,1751.95,3664,2461.5
2022-04-18 00:00:00+00:00,3019,3699.95,1105,1622.4,3530.7,2493.25
2022-04-19 00:00:00+00:00,2981.2,3635.5,1067,1565,3460,2441.25
2022-04-20 00:00:00+00:00,3080.05,3716.7,1090,1593,3558,2481
2022-04-21 00:00:00+00:00,3155,3700,1102.3,1616,3621,2516.05
2022-04-22 00:00:00+00:00,3161,3650,1102.5,1587.65,3613,2505
2022-04-25 00:00:00+00:00,3128.55,3717.2,1092,1564.7,3546.7,2455
2022-04-26 00:00:00+00:00,3125.4,3904.95,1095,1576.8,3544,2551
2022-04-27 00:00:00+00:00,3145,3898.6,1099,1556.35,3560,2496.5
2022-04-28 00:00:00+00:00,3242.8,3830,1092,1580,3580,2507
2022-04-29 00:00:00+00:00,3239.3,3734.9,1085.75,1568,3548,2460
2022-05-02 00:00:00+00:00,3199.85,3622,1067.35,1544.5,3538.7,2386
2022-05-04 00:00:00+00:00,3104,3505,1048,1536.7,3483,2280
2022-05-05 00:00:00+00:00,3081.3,3516.5,1070,1586,3508.75,2260
2022-05-06 00:00:00+00:00,3024.9,3500,1053,1545,3441,2215.15
2022-05-09 00:00:00+00:00,3031,3567.55,1082.9,1573.15,3445.05,2185
2022-05-10 00:00:00+00:00,3091,3586.1,1069,1551,3439.5,2130
2022-05-11 00:00:00+00:00,3059.5,3592.65,1062.55,1531,3422.25,2122.75
2022-05-12 00:00:00+00:00,3048,3584.7,1061.9,1509.7,3415,2054.55
2022-05-13 00:00:00+00:00,3068.9,3642,1050,1501.7,3408,2095.15
2022-05-16 00:00:00+00:00,3009.35,3704.25,1045,1492.95,3385,2111
2022-05-17 00:00:00+00:00,3045,3741.1,1083.55,1521,3466.75,2181
2022-05-18 00:00:00+00:00,3105,3783,1072.85,1514.55,3455,2170.6
2022-05-19 00:00:00+00:00,3040,3692,1011.4,1430.4,3271.9,2113
2022-05-20 00:00:00+00:00,3112.9,3786,1026.55,1459,3298,2135.5
2022-05-23 00:00:00+00:00,3160,3783,1016,1469.55,3317.1,2138
2022-05-24 00:00:00+00:00,3099,3790,993,1443.7,3291.9,2140.65
2022-05-25 00:00:00+00:00,2839,3788.45,974.5,1418,3165.25,2115
2022-05-26 00:00:00+00:00,2845,3869.8,984,1427.95,3229.95,2140.1
2022-05-27 00:00:00+00:00,2835.9,3837.7,1006.5,1466,3266.7,2150
2022-05-30 00:00:00+00:00,2847.4,3858,1042,1529.8,3380,2254.95
2022-05-31 00:00:00+00:00,2861.95,3879,1039.35,1510,3365,2295.55
2022-06-01 00:00:00+00:00,2855,3723,1023.9,1487,3356,2195
2022-06-02 00:00:00+00:00,2907.1,3690,1039,1508,3425,2225
2022-06-03 00:00:00+00:00,2890,3666.3,1046.7,1522,3439.5,2212
2022-06-06 00:00:00+00:00,2812.75,3825,1039.5,1532,3432.95,2198
2022-06-07 00:00:00+00:00,2746.15,3835,1022.05,1506.6,3361,2100.2
2022-06-08 00:00:00+00:00,2703.15,3798.05,1030.35,1498.9,3390.4,2130
2022-06-09 00:00:00+00:00,2695,3874.55,1028,1514.5,3434.9,2139.2
2022-06-10 00:00:00+00:00,2706.5,3877,1019.9,1475,3356.5,2139.1
2022-06-13 00:00:00+00:00,2665.5,3884,995.85,1427.15,3225,2105.5
2022-06-14 00:00:00+00:00,2644,3693.95,995.5,1440,3215,2104
2022-06-15 00:00:00+00:00,2660.1,3688.05,991.35,1421.3,3205,2101.1
2022-06-16 00:00:00+00:00,2658,3650,970.2,1398.25,3145,2059
2022-06-17 00:00:00+00:00,2584,3615.8,959.5,1394.9,3103,1935.45
2022-06-20 00:00:00+00:00,2657.95,3636,963,1418.55,3134.95,1966.9
2022-06-21 00:00:00+00:00,2681.9,3647,985.2,1448.9,3215,2079.95
2022-06-22 00:00:00+00:00,2663.95,3637,961,1436.9,3225,2028
2022-06-23 00:00:00+00:00,2756,3780,974.45,1456.95,3312.95,2040
2022-06-24 00:00:00+00:00,2760,3824.5,968,1441.3,3295.05,2046.15
2022-06-27 00:00:00+00:00,2820,3855,992.8,1476.65,3320.95,2045
2022-06-28 00:00:00+00:00,2725,3890,1005,1486,3318.25,1970.2
2022-06-29 00:00:00+00:00,2700,3873.85,985.9,1464,3287,1936
2022-06-30 00:00:00+00:00,2681,3708.7,971.25,1459.5,3264.5,1930.75
2022-07-01 00:00:00+00:00,2768,3621.7,979,1481,3331,1943.55
2022-07-04 00:00:00+00:00,2787.45,3675,985,1486,3234.8,1960.6
2022-07-05 00:00:00+00:00,2768,3682.05,982.2,1476.9,3217,1958
2022-07-06 00:00:00+00:00,2867,3772,988.25,1491.9,3265,2020
2022-07-07 00:00:00+00:00,2880,3792.05,992,1497.85,3294,2129.95
2022-07-08 00:00:00+00:00,2878.25,3825,985.2,1514.4,3266.5,2143
2022-07-11 00:00:00+00:00,2926,3850,941,1470.6,3111.9,2155.65
2022-07-12 00:00:00+00:00,2890,3839.1,926.1,1437,3084.5,2131
2022-07-13 00:00:00+00:00,2940,3854.2,918.4,1447.95,3040.9,2114
2022-07-14 00:00:00+00:00,2945.2,3859.75,903.2,1433,3002,2128
2022-07-15 00:00:00+00:00,2978.4,3910.1,882.8,1434.85,2995.05,2185.45
2022-07-18 00:00:00+00:00,3010,3985,901,1491,3065.9,2232
2022-07-19 00:00:00+00:00,3013.9,3995,889.05,1483.8,3074,2236.1
2022-07-20 00:00:00+00:00,3002,4004.65,914.5,1512,3160,2269
2022-07-21 00:00:00+00:00,3076.45,4065,924.55,1532,3178.95,2289
2022-07-22 00:00:00+00:00,3069,4055,919,1507.5,3171.15,2324
2022-07-25 00:00:00+00:00,3108,4024.5,929.95,1502,3165,2325
2022-07-26 00:00:00+00:00,3107,3932,913.7,1450,3118,2287
2022-07-27 00:00:00+00:00,3178,3882.65,928.5,1468.5,3186.35,2305
2022-07-28 00:00:00+00:00,3269.3,3865.05,948,1517.2,3262,2330.5
2022-07-29 00:00:00+00:00,3331.95,3911.7,948,1546,3300,2355
2022-08-01 00:00:00+00:00,3325,3980.15,952.65,1551.5,3298.65,2375.6
2022-08-02 00:00:00+00:00,3388,3998.25,950,1539.9,3284,2381
2022-08-03 00:00:00+00:00,3440.65,4008.2,957,1569.9,3337,2419
2022-08-04 00:00:00+00:00,3455.65,4006,957,1600,3355,2419.5
2022-08-05 00:00:00+00:00,3467.8,4013.85,956.95,1617,3363.8,2428
2022-08-08 00:00:00+00:00,3461.1,4022,965.8,1617.05,3375.85,2448
2022-08-10 00:00:00+00:00,3419,4030,952,1600,3351.8,2426.85
2022-08-11 00:00:00+00:00,3406.4,4034,962,1618.5,3415,2472
2022-08-12 00:00:00+00:00,3426.25,4037.25,957,1594.25,3402,2472.6
2022-08-16 00:00:00+00:00,3500,4089.05,958.75,1595,3393,2492.95
2022-08-17 00:00:00+00:00,3516.45,4065.9,978,1607.5,3393.35,2485.9
2022-08-18 00:00:00+00:00,3535.35,4068,973.75,1585,3381,2481.35
2022-08-19 00:00:00+00:00,3484,4069,967.7,1592,3386.95,2439.3
2022-08-22 00:00:00+00:00,3358.95,4048.4,960.3,1577,3354,2422.4
2022-08-23 00:00:00+00:00,3365,4062.5,949.9,1548,3301.15,2480
2022-08-24 00:00:00+00:00,3382,4069.05,949,1538,3254.1,2458
2022-08-25 00:00:00+00:00,3361,4070,945,1520,3220,2464.4
2022-08-26 00:00:00+00:00,3333.95,4050,946.7,1526.8,3223.95,2535
2022-08-29 00:00:00+00:00,3344,4035,919.8,1463.65,3138,2536.3
2022-08-30 00:00:00+00:00,3400,4093.05,936.85,1489.9,3208.1,2594.65
2022-09-01 00:00:00+00:00,3454.4,4075.5,927,1467,3135.95,2625
2022-09-02 00:00:00+00:00,3429,4037.8,924.8,1452.95,3127.45,2615
2022-09-05 00:00:00+00:00,3425,3962,936,1461.25,3140,2620
2022-09-06 00:00:00+00:00,3391,3934,937.65,1455.95,3127,2618
2022-09-07 00:00:00+00:00,3397.8,3848.95,931.95,1462.7,3153,2639.5
2022-09-08 00:00:00+00:00,3455,3846.7,931.5,1475,3164.9,2629
2022-09-09 00:00:00+00:00,3442,3844,950.1,1511.75,3222.9,2601.5
2022-09-12 00:00:00+00:00,3432,3871,954.1,1534.4,3238,2668
2022-09-13 00:00:00+00:00,3424,3872,955.4,1545.5,3233,2703
2022-09-14 00:00:00+00:00,3432.8,3850,932.6,1475,3125,2697.2
2022-09-15 00:00:00+00:00,3391.9,3770,919,1431.45,3105.5,2662
2022-09-16 00:00:00+00:00,3313,3684,897.25,1378,3014.5,2618
2022-09-19 00:00:00+00:00,3321.2,3716.05,898.5,1391.2,3027.95,2627.8
2022-09-20 00:00:00+00:00,3388,3761.65,913.35,1388,3033,2680
2022-09-21 00:00:00+00:00,3357,3730,902,1381,3001.9,2665.75
2022-09-22 00:00:00+00:00,3435,3730,899.45,1368,3008.35,2741.5
2022-09-23 00:00:00+00:00,3398.5,3684,897.3,1366.85,2986.65,2681.8
2022-09-26 00:00:00+00:00,3434.05,3577,908,1382.15,3000,2655
2022-09-27 00:00:00+00:00,3470,3535,919.65,1397,3024.4,2604.95
2022-09-28 00:00:00+00:00,3569.95,3540.55,919.7,1394,3027.95,2571.95
2022-09-29 00:00:00+00:00,3402,3487.5,922.9,1401.5,3010,2537.2
2022-09-30 00:00:00+00:00,3375,3532,932.95,1413.8,3008,2605.5
2022-10-03 00:00:00+00:00,3298,3522,928.35,1393.75,2987.6,2577.3
2022-10-04 00:00:00+00:00,3334.75,3580,949.05,1428,3095,2579
2022-10-06 00:00:00+00:00,3325,3602.55,963.95,1454,3093,2588
2022-10-07 00:00:00+00:00,3353.85,3601.4,955.2,1451.5,3068,2729.5