,ASIANPAINT.NS,BAJAJ-AUTO.NS,HCLTECH.NS,INFY.NS,TCS.NS,TITAN.NS
2022-01-01,3382.949951171875,3249.25,1319.0999755859375,1887.75,3738.35009765625,2522.39990234375
2022-01-02,3404.410403286576,3256.804087689695,1322.3085516289766,1887.9301616035834,3735.5450545108097,2534.7335159887107
2022-01-03,3405.6516138325487,3247.7976449181606,1325.1000993533466,1887.882756977787,3726.853526690092,2534.5890632176825
2022-01-04,3406.425157619384,3264.1794394321114,1324.0842521274917,1894.9773970078386,3728.6051169731013,2535.4483047093927
2022-01-05,3399.124652673077,3259.981038445318,1321.8819898560637,1894.8545853467942,3728.203189455123,2541.474067837332
2022-01-06,3399.2996661793964,3261.63376285813,1321.3658465007034,1884.849589127333,3730.8320973451277,2531.7348688830666
2022-01-07,3404.6169543122624,3273.3735814153197,1323.271785189018,1884.248412698477,3731.5546453868947,2530.9677603280356
2022-01-08,3407.9683086787577,3279.5948220055775,1326.531973265562,1881.6100308101184,3727.861245615186,2533.876943394203
2022-01-09,3418.018476910882,3274.9585350164184,1328.0632619223447,1886.54599434301,3726.3307265877747,2532.9052113833977
2022-01-10,3422.1410243238,3285.1948575464935,1332.0089886170106,1884.9542773688208,3723.53097796676,2533.90650085661
2022-01-11,3424.5515788683792,3284.5390399637063,1338.0740066060073,1883.9857761667597,3736.0922935600183,2526.499932107684
2022-01-12,3425.9873969054506,3276.1211532416974,1338.5996392236125,1880.72806642502,3735.775036483666,2533.9234596982355
2022-01-13,3435.0593664355256,3271.6125041671175,1339.7765426281237,1884.3919404536587,3750.568344645012,2540.9040619713683
2022-01-14,3434.22807872799,3268.8811364915987,1340.336511017544,1884.515726555926,3751.638957860753,2540.7776528062986
2022-01-15,3418.290836034411,3253.1285493677788,1341.5331266387877,1891.1447494250322,3753.832292723974,2556.9931545625795
2022-01-16,3416.6630562029154,3271.921560016001,1342.266546118826,1884.9652172795954,3746.78010369587,2568.086043719607
2022-01-17,3421.090968811464,3269.0289524514315,1328.2802832294424,1891.2917518395502,3744.6548148101065,2559.5610035268537
2022-01-18,3429.875574673565,3264.74468755259,1329.9554081881804,1896.4867334728187,3747.2095874411343,2548.1413275571836
2022-01-19,3430.748926220474,3263.15096620496,1332.0795444123146,1901.0793396795718,3744.866129254978,2542.353934723209
2022-01-20,3427.312322709445,3269.965431560554,1332.1921550474983,1906.6434845280844,3747.266491485675,2543.640377820139
2022-01-21,3441.813142078046,3285.229604773364,1328.3639927374563,1908.6688736689673,3741.5993176947654,2545.3871471124266
2022-01-22,3430.057033961082,3279.5845619545553,1326.1566898751312,1917.1656030953116,3748.400563106178,2539.167462560413
2022-01-23,3444.856961293398,3269.848690830266,1321.6872238601266,1919.6741230028433,3742.902818709145,2519.44608035961
2022-01-24,3456.566193927728,3268.7130248680546,1322.4297247456389,1914.6594511742526,3738.19281362334,2528.64090871809
2022-01-25,3456.2084294210786,3268.2120881052365,1322.0924940675432,1919.2635358531006,3746.6619050081886,2533.4179789600084
2022-01-26,3468.444329378376,3264.844758274924,1319.7502213093371,1917.9818812033077,3743.5280335630523,2533.425573723345
2022-01-27,3456.4408002472446,3269.001259230935,1320.40086025447,1919.5680269092657,3744.3617619220377,2534.5311014740646
2022-01-28,3452.6059625452435,3268.704523856168,1327.2518765102873,1916.1518523148206,3738.3550522165547,2533.1445916672483
2022-01-29,3445.59578891004,3269.0025897015403,1329.443274647528,1917.1242691900711,3740.6578854537306,2539.0356289297624
2022-01-30,3450.8330065932873,3265.7668812255033,1338.0434802647947,1921.3215450346975,3751.451729649919,2546.259034543933
2022-01-31,3451.4436722137348,3279.5120559298,1348.015902790949,1910.0833753677302,3757.5546084374523,2548.730858902723
2022-02-01,3461.566482579681,3263.5172341410625,1352.378234764124,1914.868142939295,3758.9191487690514,2539.248471610517
2022-02-02,3443.510313631318,3271.246819139763,1346.5909858921718,1916.6222179782721,3759.7857868103056,2539.8065112827
2022-02-03,3455.7045128090854,3278.3294157645296,1355.5407959282882,1921.7685406910666,3760.2623293419274,2532.9109596869944
2022-02-04,3445.21327898792,3271.4294684740807,1356.4451573712267,1912.7987204023375,3761.9393267207497,2536.3663194662377
2022-02-05,3443.5923122358267,3263.7803010385023,1358.7196187207105,1908.15041298066,3764.493331541579,2545.988547642389
2022-02-06,3444.775090324317,3256.2599738798044,1358.7388390659871,1905.756374145739,3771.5095866980437,2538.3948847145903
2022-02-07,3448.240861559015,3254.7826529210865,1359.1786222782553,1908.2829315296726,3773.814248025482,2535.859838020446
2022-02-08,3447.452317098795,3263.122091512199,1366.2643645132314,1900.0007759961634,3772.1225520342223,2539.5470152692656
2022-02-09,3453.9624546989376,3257.6553491767127,1366.8687001118794,1911.2367707024246,3787.375635643045,2530.616904550267
2022-02-10,3445.6395924087237,3263.7168948301114,1361.0374221116476,1904.3743016428464,3791.0883495297226,2530.5230461064693
2022-02-11,3451.448228950268,3260.2560163904386,1363.1598791970928,1907.1881265187462,3785.5733244307426,2532.46948140398
2022-02-12,3461.8120316064587,3260.010865661345,1363.7946943087081,1907.3641128846461,3799.432197759704,2533.3240151988966
2022-02-13,3474.9468091848985,3252.6620640780343,1366.3554774634144,1902.6388433473398,3785.4335173305567,2535.84846960225
2022-02-14,3455.609198094181,3249.9444347375056,1365.8117316245396,1894.0507110599415,3777.983754456406,2536.230888219875
2022-02-15,3459.5931199842707,3256.4168375620457,1359.7272241517535,1908.6361397118774,3777.2002622954287,2538.941194146575
2022-02-16,3456.0507205602894,3272.821986402844,1355.3118423912588,1912.3430356950043,3782.953039241984,2539.742923457172
2022-02-17,3452.0339671517904,3279.0819971441224,1356.0634356111593,1912.655445798059,3792.294544165161,2548.431366371592
2022-02-18,3438.4331346671934,3277.0010589679996,1356.507864122927,1920.9967418078147,3789.027875747267,2546.8875588637543
2022-02-19,3441.217335640241,3276.878795874612,1352.598959143471,1917.7460381651938,3789.433237736208,2556.84375361125
2022-02-20,3450.830220000303,3286.6889655577424,1348.9120626250244,1923.907723475165,3782.895214872917,2567.1504212936075
2022-02-21,3450.49336377517,3287.325523004523,1352.1465553850394,1921.5077542847255,3776.380419708,2567.2119953594342
2022-02-22,3458.298287000536,3271.363088901222,1353.3950020394254,1927.1483281666613,3785.731622367676,2560.0383677586333
2022-02-23,3444.8284955834633,3271.3514220781863,1352.784246801699,1927.2917302745623,3796.240175598836,2556.321993356155
2022-02-24,3446.6248916229983,3273.8081796971737,1353.7707825836198,1935.406570623866,3804.1532900866214,2566.654025823119
2022-02-25,3444.8495265586375,3274.0278879365474,1354.272176532118,1934.3379655402719,3806.6846524536113,2571.7059571604523
2022-02-26,3433.5405431483605,3261.3879724312246,1360.1371452721,1938.3585454568736,3801.0948372170737,2584.1403020272637
2022-02-27,3435.4251758180485,3259.6665416452715,1362.8855569233774,1939.7702974249983,3802.557590887906,2597.2481853892405
2022-02-28,3450.158896538104,3260.817493375839,1361.108989633391,1938.4773592886827,3803.4542551715276,2601.162159516262
2022-03-01,3473.5788524264885,3257.7247637317128,1360.793858166986,1941.9236044958095,3814.1285959267857,2614.0626141650187
2022-03-02,3458.9632165073613,3243.1421288079873,1365.6702612456022,1943.6798001571915,3807.2338044033613,2623.0195560164707
2022-03-03,3440.873075636383,3230.5109204644223,1362.8997901791317,1953.0564035263803,3804.3545802430694,2620.28314835154
2022-03-04,3440.9473433488333,3220.347674602317,1365.0188410114106,1958.3515289379054,3798.529950898136,2603.452228302901
2022-03-05,3427.156415251872,3225.8424409522904,1360.3658017839211,1960.86647290285,3809.631056856442,2612.1571711026277
2022-03-06,3405.6394480722397,3233.8113446235698,1355.8263385592497,1967.3373595266871,3819.024371323138,2602.006883136578
2022-03-07,3393.229798482622,3234.73419966387,1358.5679977969028,1965.9365764048707,3816.7001947111044,2604.2368147416737
2022-03-08,3406.936994311674,3250.214245544075,1358.7004324350735,1969.7523570081473,3819.7723883991434,2594.7093850822566
2022-03-09,3403.842063370633,3267.450867445627,1354.9483235103926,1975.727180875586,3811.9009175467822,2591.1743029809527
2022-03-10,3404.182706968348,3267.1081686988723,1349.1490988145379,1977.2501604395397,3818.338532678693,2596.491281752549
2022-03-11,3399.5963141469388,3261.3041456386795,1351.69513283048,1976.5866655046423,3814.80985533821,2590.8480208854967
2022-03-12,3386.780590402255,3271.0618386867463,1351.8488219768099,1981.3004549103232,3805.061958772293,2608.1186099745096
2022-03-13,3390.751111218496,3281.7105825589833,1357.4054397975463,1977.9387000820152,3801.6913518474257,2603.3807510026268
2022-03-14,3397.209821458767,3284.349122090086,1361.412328697295,1978.7545922960035,3787.8475045703744,2596.8583445771137
2022-03-15,3408.2390887444053,3278.289895181527,1363.9418795482818,1981.190091277576,3788.0167378084575,2578.6967569388717
2022-03-16,3421.5657891711367,3295.9813420622186,1367.5691081514326,1980.262402805843,3797.041985254462,2572.3740084555225
2022-03-17,3417.0798247861485,3306.962788676056,1368.9994046971392,1978.8919088990933,3800.1466614364444,2561.4773294035526
2022-03-18,3427.7874737802363,3311.9617241878877,1368.6295758689735,1988.1252076409296,3799.9305867437115,2577.7350511908808
2022-03-19,3425.9945135657063,3315.77919794763,1371.0989077837112,1983.0740906454823,3799.228518771437,2580.781097964299
2022-03-20,3425.3320923125175,3312.952905457777,1369.4943349530354,1971.398120024888,3811.7450334213704,2590.811878939409
2022-03-21,3428.815533177292,3320.849401192371,1371.997963250226,1961.515354589686,3806.1592373200706,2588.8567858247297
2022-03-22,3438.5853359082203,3330.563822841918,1373.367363670671,1970.17590553019,3804.1650963201273,2583.1533497122155
2022-03-23,3424.40409716578,3336.525268769163,1374.8920668252017,1973.6645822847888,3799.8582743043976,2593.3470701254732
2022-03-24,3417.913029346067,3328.277729024753,1380.737842205414,1976.3167991346381,3814.4998293049284,2596.852065520767
2022-03-25,3423.347849550302,3319.6638587282405,1383.7465512910942,1980.19557968517,3814.842071274099,2605.21960126859
2022-03-26,3431.780922378126,3323.7703639319748,1385.9554611660606,1981.9095643796359,3816.0133607654134,2603.4702518019903
2022-03-27,3421.5154857322386,3320.400728836732,1383.0729511488435,1977.761854627309,3807.2305764527055,2606.4903453049674
2022-03-28,3413.2485602974157,3315.4618264361307,1385.9537738200183,1978.194162360242,3811.356858795664,2613.687385874763
2022-03-29,3401.076306003706,3312.517299373484,1374.510533976926,1983.7445676879659,3804.4983458086017,2623.8596876305046
2022-03-30,3406.8845727374655,3319.139162849367,1368.9918917779867,1986.0807031817171,3805.7267030383955,2624.714030563866
2022-03-31,3406.852856571129,3323.101517920233,1367.1849947835185,1990.3698604661738,3796.573095691333,2629.806514324197
2022-04-01,3412.864979268459,3321.9190618209127,1371.2879432909208,2001.12844597459,3810.809036016205,2639.5538206868514
2022-04-02,3416.797336487304,3312.7696064259458,1370.6500001806112,1998.924005653796,3802.7159804543508,2650.3682939479613
2022-04-03,3423.4848153334824,3311.84771150686,1371.0714820303238,1998.659905792793,3799.860915358803,2649.7221373794114
2022-04-04,3419.83394098878,3320.718593947799,1373.4008136731122,1996.217892119031,3791.1649678460453,2637.210895070229
2022-04-05,3415.7872526983856,3316.0628706067973,1376.9967962718583,1989.6173715244538,3796.3523406880645,2648.6776545641305
2022-04-06,3413.902740713767,3312.521280495583,1375.1037428590037,1989.776588895306,3793.3423298660177,2653.2561588205363
2022-04-07,3405.143165688438,3303.427381348681,1371.7184999578662,1982.8503830774266,3783.4242471389416,2647.3394430458047
2022-04-08,3398.869640844383,3301.852898729851,1379.6726271279417,1984.8643281606153,3775.3949716228344,2650.148404462243
2022-04-09,3401.2106663506956,3307.227160147448,1380.6095072358214,1985.977205899962,3777.897227619708,2649.7458429811645
2022-04-10,3414.7424843600593,3312.574618663964,1383.7457799792815,1983.1687269182119,3781.521590092475,2652.6657470116506
2022-04-11,3401.759797351766,3305.8254646916757,1380.1742440708122,1993.7187120795218,3783.3396927088033,2647.1756477284357
2022-04-12,3411.662420336522,3312.2414469012715,1380.5327747906276,1988.8022106790372,3782.23945333188,2649.2066472874367
2022-04-13,3416.6070138524447,3325.5123599270546,1379.7972266144748,1993.2384879203892,3775.6050632974025,2637.4228660518215
2022-04-14,3411.293785813467,3331.2686147881286,1374.8608702030292,1989.073134853008,3778.584082536317,2645.266632362683
2022-04-15,3408.5048828554272,3312.5016814403816,1382.685816553792,1984.8933520751089,3765.6064752378793,2648.155282721646
2022-04-16,3412.64374935131,3305.7517713138673,1384.4422523118733,1984.8146447752708,3762.395827967962,2653.3011699844137
2022-04-17,3411.882482590759,3306.709553408731,1383.35572551543,1984.0828676685537,3768.099005906212,2656.8084086204526
2022-04-18,3412.125344805633,3307.2365137921493,1386.2519252739532,1983.647056134542,3764.2940251445625,2648.1058902649957
2022-04-19,3404.2326110314452,3312.158672833063,1385.6769128364074,1986.996865282333,3768.027834376134,2641.8219782135393
2022-04-20,3410.2194433950085,3304.5949978598974,1388.619889284643,1984.9980232392124,3760.03062620362,2632.34073286787
2022-04-21,3424.4741635059972,3308.8485476852256,1387.4450518227627,1997.4263624353207,3768.7584261149555,2641.444747584177
2022-04-22,3421.671349772285,3317.187107323197,1387.560834165329,1995.249384077469,3776.8049736249013,2638.336703248793
2022-04-23,3427.090709356036,3312.4899188851514,1380.6408587572464,1990.3313777846172,3780.82891511235,2644.545596459386
2022-04-24,3417.280353471836,3317.6266448021206,1380.6328550258172,1987.7243691683634,3779.3554308173784,2629.056847554593
2022-04-25,3418.738126968755,3319.2869404226085,1382.3877910307426,1986.7205976911584,3774.6040713268026,2629.611722458146
2022-04-26,3408.283820104104,3331.615944730457,1387.1277189086973,1992.0113060856736,3782.446609379277,2615.4828246888633
2022-04-27,3405.556878570131,3327.1847257565437,1387.571094412716,1990.7826300332486,3774.5775097357573,2624.7825736657846
2022-04-28,3415.0738800436384,3348.6693745520533,1397.0264621028532,1990.1477979131892,3779.849162560068,2628.3448810853133
2022-04-29,3420.447876337736,3352.1526971321828,1392.9339989218386,1993.043951126,3783.921048246527,2636.4876112660086
2022-04-30,3425.161701248659,3351.2759828095927,1387.9055847782313,1994.6719589976142,3789.6568065263295,2652.5996451861442
2022-05-01,3424.8732309560364,3356.9911611262987,1378.2164750838413,1992.8058894574726,3780.0002048110473,2648.580283496105
2022-05-02,3421.8456244578956,3370.4100461199514,1383.519089716177,1991.459623308721,3784.8587137672394,2654.0364926672214
2022-05-03,3417.2338153891856,3355.9678160647686,1381.3446734589065,1988.595527369641,3798.2856951082076,2646.1033776339273
2022-05-04,3427.0385480028503,3352.892054321018,1384.2151752230188,1980.5452655056768,3789.271380893235,2649.275008606509
2022-05-05,3431.9155152873136,3353.8187657124895,1380.5350229189735,1990.2091943280818,3788.2942528927597,2647.4632921816574
2022-05-06,3440.4746001521503,3350.654471450899,1374.7397378749506,1983.8628107120749,3788.5526461867253,2643.6432028261743
2022-05-07,3462.220427511334,3349.591502570804,1377.7381506230354,1986.202400754449,3789.9477059966875,2645.3613278074536
2022-05-08,3466.6066167415347,3360.0752729196793,1383.397492835013,1990.8889298727731,3787.363036281497,2642.7460784232358
2022-05-09,3462.038567361086,3364.9867118644897,1376.2929108902704,1984.6270993142673,3792.760926330743,2638.457482471448
2022-05-10,3467.5016927018755,3354.7687010530617,1381.0161765254893,1981.7117596450553,3795.439669500309,2636.224000419043
2022-05-11,3474.8730359677,3344.2301305385436,1387.1590794011333,1969.8657134942434,3804.9752876310617,2627.935171286355
2022-05-12,3478.4012017194605,3339.9231034214185,1391.1179152179407,1964.9538297530987,3813.3684162518744,2627.99547310502
2022-05-13,3483.4922472124185,3348.912075586878,1392.3970921056086,1968.3834518633412,3817.1471872629118,2636.4150644021815
2022-05-14,3473.2058426234776,3342.4333729401865,1387.5381954599623,1967.3252697687985,3819.7435957303146,2637.4751724612993
2022-05-15,3475.8333134838176,3343.379892051728,1393.0394051669446,1971.5957434232769,3821.4018337456378,2640.165601026947
2022-05-16,3469.572343470462,3354.346797208023,1394.2049106869852,1973.5542465394428,3822.644326214606,2628.3016939592667
2022-05-17,3482.3645710946744,3350.538072135308,1394.1427132433253,1976.4050765563939,3823.4661421365963,2625.6460343950366
2022-05-18,3482.3724517104056,3354.48325318791,1394.424715947402,1973.26917977916,3840.201920785986,2633.558346394154
2022-05-19,3473.9032404810364,3345.7287370084255,1395.0895510936293,1971.0429265043906,3827.8442740956116,2626.4425934810247
2022-05-20,3471.2430031997983,3342.484231618124,1406.4953898132942,1970.3885325484557,3818.5181168701884,2609.2630199578384
2022-05-21,3476.1931469580472,3344.138309045165,1403.4005882597498,1974.5286496164167,3801.563926283777,2612.676895700755
2022-05-22,3477.5853909608077,3350.0746002685964,1405.79485856329,1980.3366308505115,3810.6590897310316,2604.6127506066014
2022-05-23,3482.8568483701974,3346.458937133551,1405.713649579222,1983.527102870878,3814.797107121695,2613.835699865088
2022-05-24,3485.419102485769,3354.918452160074,1397.684603238875,1979.8037637333814,3814.8655278205138,2622.1254242857553
2022-05-25,3482.138720638565,3361.255646124782,1402.4492532005017,1982.3072541363795,3826.6985792427317,2617.1476132669404
2022-05-26,3473.3676999145946,3345.9953420893617,1403.6722994109382,1984.7372155129153,3836.8310241055565,2620.5269476423377
2022-05-27,3466.052765243231,3341.451859463108,1398.9199537283007,1987.2639599160489,3845.4187478858994,2619.203542398628
2022-05-28,3472.222768831215,3320.8173940903935,1392.6772851233068,1981.5177886414353,3846.4798229682324,2636.4176923910113
2022-05-29,3460.513860218368,3320.074295122672,1391.8092770719563,1978.420541540359,3840.2782098082453,2647.878965298207
2022-05-30,3446.7115037665485,3326.6468163191084,1396.0265768667064,1975.785890085439,3831.458819921423,2644.4247223444913
2022-05-31,3466.4166697476744,3322.2114730651942,1398.6643927980244,1978.3952477920502,3848.2422758636176,2642.067979723303
2022-06-01,3470.5280525062917,3330.30593094947,1401.330135370421,1973.7855628718153,3843.0833116139693,2631.498634252223
2022-06-02,3471.2538055445716,3330.9518626901654,1393.1119964643437,1971.4987246750338,3845.233754376143,2629.7557537340467
2022-06-03,3454.6132358198874,3324.2619384499753,1392.8609307184515,1969.074585950008,3838.910508087448,2630.7877770948926
2022-06-04,3444.146027745064,3330.190465690642,1388.756827889636,1972.2704793740272,3844.212065400135,2632.319800848859
2022-06-05,3441.632699050265,3318.783014401237,1390.3469688221626,1967.9314393203204,3834.766611936046,2625.827015620761
2022-06-06,3448.0162517770323,3310.038635318849,1391.143389665012,1964.8984283450056,3826.7242818080094,2632.6173494722993
2022-06-07,3451.2580559991343,3323.3775232980347,1384.2999264105247,1958.9270904001964,3826.603842730411,2644.232116104149
2022-06-08,3459.107881600169,3314.9066631980627,1378.9191452772127,1960.249894069444,3818.5062285692525,2656.696135831139
2022-06-09,3463.011688646963,3320.5360686638946,1377.2563173029453,1958.6684015605235,3824.354499641111,2643.3484719536673
2022-06-10,3460.987386665021,3316.7908612557285,1383.5054752281071,1957.7295672083571,3827.015445839416,2628.6500784338946
2022-06-11,3457.0382196180894,3316.565324348937,1384.420433766326,1957.9350429387973,3834.9990645040925,2636.1379446938154
2022-06-12,3466.8298720966695,3316.6506233370465,1380.6181194741253,1950.7030268645362,3851.582361282054,2632.8818002936864
2022-06-13,3456.4272066466538,3303.5393181090453,1385.918748895058,1947.206419287677,3841.58301082081,2623.096249477508
2022-06-14,3450.1071762169413,3306.5567560531317,1381.6131596270852,1950.5278076541806,3841.4549416417867,2636.188562324624
2022-06-15,3451.3608953210887,3303.4137767795123,1377.9228407539931,1940.7110213166575,3851.311351553656,2624.957891425686
2022-06-16,3446.4569716538217,3298.075655617225,1377.0701550665513,1933.3216014507827,3848.577931632707,2633.481802420497
2022-06-17,3434.220516265182,3294.138741422283,1375.6447310009069,1925.8919108967548,3839.8064531150603,2623.912472612066
2022-06-18,3424.6473748542167,3292.6823113837136,1374.1690769725278,1923.8403174262396,3851.2106067457426,2613.3799623327277
2022-06-19,3430.13582012399,3301.221378760177,1372.1800012978774,1920.5582000973045,3849.6134131947083,2610.8680270099107
2022-06-20,3437.2287630522064,3304.4672501411055,1373.411797138439,1919.3080156338626,3845.9636592198804,2607.230477783247
2022-06-21,3453.480348053455,3307.7245760322307,1369.1105780794624,1917.820644953929,3847.756775318114,2614.070174762492
2022-06-22,3460.610222785964,3309.3871711512293,1372.7813753454054,1918.6323632174906,3853.593622422344,2620.987387163032
2022-06-23,3465.7189469324753,3308.429830445839,1370.9380424507801,1919.6055817985823,3842.619983639849,2623.517729784396
2022-06-24,3470.8274431896157,3304.93572727723,1378.5058067016557,1920.4366864905346,3856.785043779107,2618.3719875901475
2022-06-25,3490.649589077019,3291.376432272444,1373.1045521451438,1921.8050075215274,3862.3688360830406,2634.3040373314902
2022-06-26,3510.1332614752037,3292.244314675133,1372.8952892026723,1928.9642323907588,3857.138297692885,2630.8964295320093
2022-06-27,3508.957470550821,3281.8962563032146,1365.8212934006447,1925.297253753748,3852.407466273141,2623.4577861847924
2022-06-28,3514.8453704304384,3285.9395078062944,1365.3306265422666,1921.5103801908724,3856.640298111253,2613.2946220192107
2022-06-29,3514.1495689895405,3296.667471602236,1364.0610042758028,1925.330265640195,3847.5548553490867,2619.2166492382767
2022-06-30,3524.887324381717,3296.4932727195737,1368.3535398577867,1929.1264268750078,3842.718363138002,2616.2617073875745
2022-07-01,3524.445235430429,3286.5224754987016,1372.1134242827604,1924.1366258814392,3820.7071224921046,2625.860453983159
2022-07-02,3542.0086660250754,3278.220893251161,1366.0835156942774,1929.4378756659194,3823.3560757106397,2611.3916527325164
2022-07-03,3532.3763835986233,3273.524196647889,1376.274152241538,1924.7049574451157,3827.6219274531877,2613.628930113021
2022-07-04,3525.9125421649487,3283.3990672169502,1373.9302197613506,1924.4036021458578,3839.3710519018305,2619.4617589495406
2022-07-05,3532.1471752127923,3285.512953086197,1379.220979614534,1929.2738993887492,3843.5143331786285,2633.213834272505
2022-07-06,3526.37602716954,3286.5782410168126,1379.7948382830498,1935.5826701826365,3847.9573037298005,2640.880911414217
2022-07-07,3519.2776603687116,3289.5712144570016,1367.866957473137,1933.21759357157,3848.415188695389,2639.516003484274
2022-07-08,3523.0385112676254,3291.4903943319887,1366.182285110398,1929.1806198698953,3849.88898419815,2653.783024583401
2022-07-09,3541.092559686042,3282.730825232519,1369.6043614464475,1936.8937819036269,3847.9353748435706,2654.368827146926
2022-07-10,3549.528807175665,3290.335296542989,1377.4564521079637,1927.6475334609077,3838.2297306716573,2644.666254754736
2022-07-11,3550.2770567141824,3284.1166589994086,1372.8317027284716,1932.6384040617718,3836.401313446685,2649.2732908061707
2022-07-12,3544.530152541037,3285.483926193013,1372.7710050503933,1935.7681873865688,3831.0029889725165,2646.4302005698105
2022-07-13,3545.8985029134665,3288.1187054947904,1371.4708929168278,1939.4241634772739,3853.2730336574386,2646.1923981842765
2022-07-14,3547.7517300479085,3289.5056387828326,1364.9485931236345,1940.8387106526006,3850.479880313439,2655.1378431186426
2022-07-15,3541.3533478154886,3277.9949503253133,1362.9924061696524,1940.2038580223034,3843.252018944295,2663.3401730226265
2022-07-16,3551.7096836650753,3274.5000925419977,1359.055047732662,1949.102497069211,3833.6575963991017,2677.5981410000118
2022-07-17,3558.0082513756397,3269.030656093955,1365.6981246143928,1946.510226851086,3826.9338874511072,2677.2678445093566
2022-07-18,3574.3206523034687,3273.016404969367,1369.304039432482,1947.5293907287974,3829.8493110303657,2686.7125355360145
2022-07-19,3552.2099028657126,3269.4893842064694,1374.9504587436256,1951.169010627449,3831.587157666493,2685.3745769587613
2022-07-20,3551.320877533674,3269.534471678702,1374.5985692917816,1954.292963571442,3821.8647523046143,2675.581505171299
2022-07-21,3551.466555418683,3275.7766601299577,1380.4119537090523,1952.0496063140702,3824.3558569235174,2667.2824615789846
2022-07-22,3569.898230020722,3265.2024001036852,1375.9450536090303,1954.5528777189575,3820.9346979226757,2668.6431737841394
2022-07-23,3560.143160770733,3257.3723445222577,1374.8781593413603,1962.9817731965054,3810.3280233772757,2672.7671662989114
2022-07-24,3540.0214621536666,3256.9936556469156,1373.2432927485147,1969.4107075479901,3810.7395274637893,2678.1919518412424
2022-07-25,3541.2585323079356,3262.664197320698,1371.6167453770415,1969.9626087954093,3811.467550399696,2685.2258508565387
2022-07-26,3546.278924838265,3267.4797332103963,1373.6618780115382,1967.5890322206433,3816.792139211997,2675.2766713597175
2022-07-27,3535.8203746303902,3261.24104772414,1374.581592589127,1968.2234105939401,3807.706079443804,2676.653887570437
2022-07-28,3536.35835643954,3247.0926217039355,1373.0933297691302,1967.482133107193,3805.872064081564,2675.0767390825445
2022-07-29,3526.1015880090986,3249.7823831664223,1373.2469124561735,1974.816826657033,3806.968059513211,2673.7501172945044
2022-07-30,3530.660072443803,3257.0464487812974,1373.6530276130973,1966.922978751767,3813.665208496785,2679.0157326305584
2022-07-31,3540.634623858692,3253.399884761673,1374.1406274262367,1972.152068536289,3811.2744744078664,2684.419810289415
2022-08-01,3530.7194598524593,3256.3351532233282,1370.5124745813425,1970.3017780213788,3805.6545220544494,2670.7085601883605
2022-08-02,3516.482668465805,3250.6274608614876,1372.5009781589474,1974.5413575796404,3809.763403796837,2678.428512823027
2022-08-03,3516.8267475292037,3242.593494662945,1379.379427913413,1972.5611603065602,3811.3740383665317,2668.0037729515307
2022-08-04,3519.330332693359,3230.390262261373,1376.6992067313224,1973.511978181104,3812.530084494515,2665.972469269743
2022-08-05,3526.5681884180945,3228.7234999691877,1374.2801975121968,1974.0268936340658,3810.2158297179567,2666.7929430901218
2022-08-06,3504.8447703295087,3245.333471405953,1375.5694220385853,1972.2205312780013,3807.155639518296,2665.350340438397
2022-08-07,3516.3721456697285,3237.623469290309,1374.6915345161215,1975.0655149059592,3814.828303855743,2662.0988063117084
2022-08-08,3527.7211276233634,3232.9220513992504,1382.5792709418022,1978.3421126177557,3811.6224889039527,2657.3844800851016
2022-08-09,3514.7235186783773,3240.1114430534376,1383.048594950847,1982.5814087709725,3821.024942078106,2669.63851668103
2022-08-10,3505.096726644839,3248.459998991503,1380.2710751505415,1987.0240356021136,3819.6963098551582,2673.9280138069107
2022-08-11,3510.8260912681035,3248.7602951228027,1382.0627511860334,1992.546423364495,3821.850048663005,2669.3380087865653
2022-08-12,3507.531806320351,3249.5727005780873,1380.085863503016,1987.8025851325378,3826.537407957938,2671.4864681264003
2022-08-13,3507.4993901002804,3254.5667025287976,1374.0839807479654,1990.9158269779405,3827.476544476901,2678.923961431765
2022-08-14,3503.8641531535795,3254.5210375693177,1371.0861684260476,1994.6214042658407,3829.440736718408,2680.257501803393
2022-08-15,3507.741786275356,3257.7427610246255,1371.1146339038423,1992.295383746729,3825.410417612623,2688.9719010889953
2022-08-16,3507.3625658078026,3263.514058741464,1369.6275386142825,1987.6232990881351,3821.2891673512954,2695.4405249110278
2022-08-17,3512.7669478360986,3249.4383088382847,1367.6209019257487,1996.4171501318356,3821.6939407908017,2678.4813733679903
2022-08-18,3515.2826098545056,3244.6477082351703,1370.897667876368,1998.700291530092,3824.5647233471027,2671.670795189752
2022-08-19,3508.7574135624245,3242.1891690904954,1366.0485678758012,1994.975306614875,3823.6505286641286,2683.928480261352
2022-08-20,3500.5877063778853,3250.2579905253006,1366.3517278209947,1994.1151225793378,3827.936980555045,2693.670303185114
2022-08-21,3498.381107553379,3253.0492311470284,1358.7415625025164,1992.8217422745533,3821.879762469899,2679.847146812856
2022-08-22,3486.239179203574,3248.782908110947,1362.032121078893,1986.9952375847192,3816.422926758457,2686.7706270128174
2022-08-23,3493.2663818323645,3248.297416557182,1357.9720647866702,1984.31465384269,3830.781737420889,2695.9096001323705
2022-08-24,3500.028502937478,3256.349065265362,1357.2844333959024,1979.056778763032,3820.578494491837,2698.367908522917
2022-08-25,3505.26227931948,3264.4050141948487,1355.2562670028415,1981.7306481599348,3794.7922949546432,2705.791654877891
2022-08-26,3503.239149860354,3258.790223549758,1362.317531571236,1974.3376056059394,3789.5778941748904,2711.0874083386307
2022-08-27,3498.41944175573,3265.0601054281988,1361.4302797316136,1981.5901593470614,3783.9706225254404,2709.380145596323
2022-08-28,3507.900578572832,3267.206569498959,1356.8337690916214,1982.84229069865,3779.52955128322,2700.52044957203
2022-08-29,3500.7109070531405,3271.818682162858,1360.672979968717,1987.7247760796567,3779.439763725618,2705.1721479871812
2022-08-30,3490.3973473413075,3275.3046251688347,1362.3873609070965,1988.8511239287188,3772.6753947447155,2690.9147614985186
2022-08-31,3477.4790538213506,3286.8213243922955,1364.1614946782208,1989.2404659824988,3774.6287383148438,2695.0296035713436
2022-09-01,3479.5446663883013,3285.3788982526758,1364.7652220929674,1987.6476829706942,3780.918752687975,2699.5356889182963
2022-09-02,3485.8799279318746,3290.6121344660774,1366.0918920755057,1999.2997086389125,3776.275228152863,2700.155797926563
2022-09-03,3505.8841048700806,3292.9580344691008,1370.474351114562,2000.034886629545,3781.983900222328,2702.6288693303404
2022-09-04,3518.935462342533,3278.172705468639,1369.6263529370042,1994.0578464107741,3784.2547192059733,2695.7259051734313
2022-09-05,3533.8819035827787,3256.070104968915,1365.4172564195967,1990.5800706029736,3791.760491230393,2683.101291926386
2022-09-06,3524.341873445418,3251.2869508060244,1361.416215596822,1994.5487915681456,3795.770204640043,2688.3208846677308
2022-09-07,3517.29664860259,3244.8812255603943,1359.9157600337048,1992.2797166163923,3801.157160668744,2667.8909697780573
2022-09-08,3524.3304188213724,3248.0005763433305,1354.6934434237087,1986.5808407012169,3796.691720755762,2662.1525311053692
2022-09-09,3542.479737220984,3246.9465424507434,1351.2294586188607,1981.8027712376359,3778.8779608390187,2666.1384961629196
2022-09-10,3525.397401305502,3230.9008494157997,1352.6006386449299,1977.1017564500355,3774.056238241615,2668.286447091437
2022-09-11,3539.929854969602,3225.618324949531,1348.636148272175,1987.6001233547745,3785.0227868709344,2689.66697095431
2022-09-12,3545.059655939458,3207.7739345576692,1347.3596928165746,1986.7991322429468,3775.5346325020446,2694.0121290659063
2022-09-13,3548.6363647477474,3211.126660235634,1348.6348362524411,1989.7396525235904,3777.8380986435004,2696.005248496318
2022-09-14,3545.640184126792,3212.4442852768143,1346.6791253382821,1985.6138449510595,3771.236537610257,2687.959219309952
2022-09-15,3548.376330737831,3211.0564753421486,1353.3171409997224,1978.9317585962606,3776.026366898911,2692.3419118284423
2022-09-16,3553.270664511257,3215.930210960299,1349.162638244415,1984.6327542071303,3785.863567811876,2668.8727966058423
2022-09-17,3545.901429093176,3233.9908320007216,1348.3564585679749,1987.4831142854914,3785.291865727503,2672.3435297398764
2022-09-18,3540.4146301288492,3228.0339665712577,1347.5513529254727,1983.9541346944873,3788.370015420056,2666.5196989308242
2022-09-19,3546.714377341945,3220.723433625237,1343.9186804458527,1983.8505938200483,3801.262716468597,2666.141350963742
2022-09-20,3546.5120099361347,3210.5206833952698,1342.6618788555866,1998.3088615660502,3794.8546183653816,2654.9853684660957
2022-09-21,3542.95027504771,3213.519983020369,1342.6667679171264,1999.560891007874,3799.773730064456,2647.879737889521
2022-09-22,3548.7009485142516,3212.380805426171,1343.1904477194757,1997.5258914893602,3797.5673271612795,2671.5355147252662
2022-09-23,3540.4519443361096,3209.8128539888035,1347.0421827626863,2006.7511866257141,3795.096664292515,2664.8518952328363
2022-09-24,3539.581174533999,3226.0606057352175,1340.9379485574123,2009.9772701567686,3794.9384297926654,2663.4387219638766
2022-09-25,3524.8677548899113,3234.243347815026,1341.3008487691673,2019.0432903876322,3795.152209417722,2669.7234220330297
2022-09-26,3534.274589032353,3235.10886397597,1345.1441360827073,2019.660732718472,3787.658888195765,2676.538001545615
2022-09-27,3523.3473397203875,3224.9453711821425,1350.2667052499241,2024.740845599401,3781.2129317718927,2686.59653781299
2022-09-28,3527.9963683500987,3227.463861426871,1353.4769243318212,2025.96870091452,3770.0584304073395,2685.4352070653663
2022-09-29,3523.4970753371176,3230.241473479996,1353.7006802976744,2029.6676294380159,3764.7042409391825,2702.9224007186667
2022-09-30,3515.017336229944,3228.193024778535,1359.7840432626133,2026.8736518080718,3773.0500718967137,2692.6524121892194
2022-10-01,3511.0738939373964,3230.692858697141,1360.280889041908,2022.6214376206735,3788.57484950304,2690.011557905941
2022-10-02,3518.8925897791523,3244.063686990589,1363.856972851836,2015.7653770178833,3790.8694196098777,2673.434259609137
2022-10-03,3514.9633158953015,3238.06451081543,1356.8028111428187,2028.642133852173,3788.9504955180905,2680.305171673978
2022-10-04,3512.2731449684106,3233.445397302474,1350.7505593637457,2027.011617280111,3787.136038649137,2668.373645704102
2022-10-05,3509.5901517705206,3238.102342987572,1353.4047496925903,2019.7965998083514,3790.3872335455985,2672.524206415109
2022-10-06,3498.875128458384,3244.9706159948655,1354.6614250017728,2023.073123436033,3795.6470781947246,2681.588973249114
2022-10-07,3503.371147624411,3238.046106237404,1353.314980819767,2029.461761450678,3801.5518363367883,2682.080258337262
2022-10-08,3493.331420587396,3238.8770805818276,1352.216506398094,2027.7917189110663,3795.076976786708,2668.883549609936
2022-10-09,3500.973713698455,3250.62170633553,1348.853806488507,2028.4607219210993,3794.0442179743172,2676.449842395844
2022-10-10,3481.928902102581,3247.723477052602,1348.2912456053411,2030.528751898514,3797.0796255193513,2687.3055181851087
2022-10-11,3492.156729805078,3236.1912163256825,1347.8194393110339,2030.8730710875438,3811.331862647619,2697.8558172165967
2022-10-12,3485.1231515465997,3233.984457233136,1341.3624951290967,2035.1258648744824,3807.911274098415,2685.709785090742
2022-10-13,3482.5858293144215,3234.1353326238414,1341.176592335639,2039.6315955041741,3799.1974624625864,2682.4052738159367
2022-10-14,3478.789107052161,3231.1612589069373,1333.5511004208943,2027.9149224886241,3805.614267595348,2679.9470958712827
2022-10-15,3470.5223057182134,3238.9650445619145,1330.4713778339228,2032.1274250091112,3810.630636506342,2694.562126541583
2022-10-16,3471.917325842011,3248.7589182155107,1326.1184953526893,2039.3562498406548,3815.017677508387,2688.345462894118
2022-10-17,3492.6011616817123,3245.0939516341514,1321.3976754957544,2046.9468516705244,3808.289578284869,2685.170016381323
2022-10-18,3495.1411517930055,3235.6511201103413,1324.7877501025655,2049.3193919425858,3811.9671524777796,2682.032406095762
2022-10-19,3496.509654125321,3236.5027846807634,1328.7489734910905,2046.7333725882265,3804.996996460874,2680.940271526658
2022-10-20,3487.1171205101905,3246.3256909786,1336.4333448946957,2047.6617678105388,3807.9458088359106,2686.8947691888693
2022-10-21,3498.346954526232,3246.2402567511053,1341.1927721275326,2052.2083757786486,3808.0022580750847,2694.078108556412
2022-10-22,3499.509161563971,3250.360980908446,1340.622568964509,2055.1466446411996,3815.505995584465,2693.547245055728
2022-10-23,3507.2004389325716,3257.1169251948195,1339.8840029258974,2055.172082395363,3825.2739290826285,2701.6552255859133
2022-10-24,3518.464234530698,3260.835772778547,1342.5177639689118,2061.3933027822955,3826.0615314929646,2699.6825657292748
2022-10-25,3519.477246742971,3287.546360248462,1347.524698129719,2064.5643494374076,3815.398128801121,2702.4830838485345
2022-10-26,3514.267227619274,3283.0832409893774,1348.4509990294741,2063.8244608766445,3824.047657874185,2711.6137845612984
2022-10-27,3537.4563629404415,3285.8296452825466,1348.027341042771,2063.342968706366,3839.468858050403,2716.088875063402
2022-10-28,3535.105655200633,3282.560521364365,1342.8380449750625,2064.1755619417086,3826.5024370616943,2722.4087618019157
2022-10-29,3526.146867658891,3273.3368394343715,1339.4791268903218,2067.5032789957104,3813.8434635590047,2736.4728259159447
2022-10-30,3526.811269708743,3267.680774746609,1340.5433969086903,2062.447776988404,3807.8769280473607,2741.3825028330803
2022-10-31,3516.187947217596,3256.1432496309976,1336.5478911693178,2061.7075546473966,3803.7879368076074,2747.5338444449712
2022-11-01,3509.5614707377654,3253.924004382216,1337.693542474119,2059.800076200215,3803.6168395738728,2739.7408531970295
2022-11-02,3486.5486786571514,3246.6116675763,1336.5079413813842,2053.176314943981,3803.7896885270675,2732.4894947075295
2022-11-03,3473.666946970437,3264.048863785416,1334.1490345100651,2060.6608048716707,3808.9116744109424,2734.809758208058
2022-11-04,3483.7042390939737,3268.3340206649364,1331.52971455923,2059.5787264952514,3806.243787720539,2731.117983593738
2022-11-05,3482.7133880357046,3266.2788581204695,1326.268889556592,2069.3396725619145,3811.4788146495885,2725.5623894349524
2022-11-06,3486.473320421586,3279.175253785277,1323.21904018122,2056.1217127778623,3800.7967574416193,2710.487311241304
2022-11-07,3484.1232495131526,3290.067472616343,1324.6186226762863,2055.1987660484624,3811.114890301013,2721.0989338434238
2022-11-08,3491.444690459061,3278.725278992202,1330.5708605381756,2041.702724123997,3803.3309893308992,2712.0165870965993
2022-11-09,3493.1531993570725,3272.586941058166,1336.1284517464428,2039.19254162568,3798.2927699902743,2713.3880142009184
2022-11-10,3503.670736443898,3283.7324839962107,1336.4008267898137,2035.7250807649111,3797.6228540849525,2734.4059191693214
2022-11-11,3498.4363026241167,3280.5824745595573,1325.727656426853,2029.591907513034,3794.886793836352,2718.8497759256684
2022-11-12,3482.6516455693986,3280.7770511412164,1323.4770481374233,2028.7470907022205,3769.4600467086625,2710.199590853408
2022-11-13,3472.9228653280297,3278.8661052040384,1324.7297804867892,2022.9058145385893,3781.6141368984363,2705.0612088257453
2022-11-14,3478.057686372621,3291.2823679038493,1323.6705976061,2019.9788838752618,3780.2179309382527,2705.560449824555
2022-11-15,3478.8151199735985,3291.572267626708,1329.3742963499828,2025.038724585606,3771.9502073332574,2711.805226812977
2022-11-16,3468.717172164254,3309.2419034245963,1327.2474460727753,2029.011628899422,3760.6150255114853,2698.9814122443054
2022-11-17,3469.4645238073585,3305.0135724424317,1318.8046067708697,2027.96202299239,3757.5876641679124,2709.9409933572306
2022-11-18,3466.2960033941295,3307.002344182748,1321.4106144765883,2029.609155050722,3758.2257610147644,2724.25550870164
2022-11-19,3466.2724748076243,3294.1649066671716,1321.1121963122368,2028.1533293060565,3751.433775036375,2723.0590184669963
2022-11-20,3476.6407193188797,3300.7416939138275,1323.7812509551547,2023.4645663440526,3765.2261200946805,2708.95939098081
2022-11-21,3481.825257017129,3304.403742394135,1322.2366120208621,2025.8140451206382,3775.5344721489614,2715.0049807520886
2022-11-22,3475.7267792623197,3303.853195547313,1320.6722680127357,2027.2031410912805,3787.400309250028,2716.6471655538
2022-11-23,3465.292692790441,3309.246018432526,1317.0241426417501,2029.3685761618806,3797.827535428398,2713.232598186466
2022-11-24,3461.9683053717936,3303.4603897783613,1317.5138927504506,2031.4731167359455,3804.706414924206,2714.3236523815694
2022-11-25,3455.792736855651,3299.7786490443555,1321.6891262475433,2034.6846722903472,3796.590736483054,2725.511869340831
2022-11-26,3451.3382890422026,3290.6986690893973,1328.1384151035768,2031.880364062791,3782.260067620955,2727.3844367242173
2022-11-27,3448.634453872431,3292.41900188321,1328.9810319289054,2036.2805086357123,3784.513406934351,2737.5526057672914
2022-11-28,3436.05880321991,3277.3530489627506,1329.8168660814924,2039.8363018965745,3793.163429854633,2741.7530710211113
2022-11-29,3424.1049751705295,3275.749117139534,1333.8169940664734,2047.4021778000024,3791.9486958612083,2737.6579101790617
2022-11-30,3422.490215142467,3284.927529280595,1335.885355259839,2056.464789896037,3793.5210841099056,2731.435423606562
2022-12-01,3417.150932914349,3289.5518219842634,1337.8814910960011,2057.306448783381,3796.112122410562,2733.2471133116387
2022-12-02,3412.404349616731,3278.5547746824986,1332.93905892896,2053.2092751230816,3803.680382654162,2726.210014990823
2022-12-03,3420.639860485174,3291.833697569821,1345.2694519698462,2058.0071145708857,3812.1031923689234,2729.1786782763684
2022-12-04,3420.9213411893807,3301.791554763155,1341.8896590891566,2049.669833029881,3809.3040333875338,2723.7356419974917
2022-12-05,3408.842452404925,3296.5508471829044,1340.8094122116233,2049.641506218842,3796.216488656331,2728.3981463108116
2022-12-06,3427.46573221618,3285.5974212015635,1341.0282382046166,2051.4925711484457,3794.198674949754,2720.4286821034775
2022-12-07,3431.6945295924756,3292.0717782031847,1335.507184774544,2056.410832628858,3798.1175496599362,2720.7859359621207
2022-12-08,3425.2397477812965,3292.2261305855136,1341.7476860660995,2050.5292081202315,3795.821807842698,2712.465184680027
2022-12-09,3433.1640930285816,3292.944958124469,1347.068596875313,2052.4331132447255,3796.200124436001,2718.0282810644617
2022-12-10,3439.1824702667845,3290.249110277531,1345.6811319604471,2044.3340618168447,3786.701435056918,2724.1037837570484
2022-12-11,3436.9675036130225,3303.392503228629,1346.9785937962702,2050.7390948203856,3788.7705598517823,2720.03299075936
2022-12-12,3435.378474436892,3307.8871322358805,1351.068754325916,2047.3280659386728,3788.1932587811198,2708.7718321705183
2022-12-13,3429.7272874288524,3317.6788886806344,1359.0481482069604,2049.501508975405,3786.120170310526,2710.9220754859584
2022-12-14,3433.8201682976514,3308.922400404288,1359.72177898815,2050.1251615864867,3779.930287130239,2710.372210179761
2022-12-15,3446.0761043644757,3315.5164213873895,1355.9385757018767,2052.7880139261533,3791.709570420099,2722.8483373010135
2022-12-16,3445.4018141915267,3310.543144694277,1358.8823500447966,2053.1638474024944,3797.229624607564,2712.358092545405
2022-12-17,3460.773473527649,3306.8639521751684,1358.0394906565245,2056.4459109452423,3796.6141746418334,2712.185700139926
2022-12-18,3459.8784010058744,3302.572966999287,1357.3760927020583,2050.590332279947,3793.7418170485776,2722.003467719368
2022-12-19,3463.5157406596422,3303.1554099018676,1352.405099567964,2040.6135175195955,3790.43270383516,2725.646112349711
2022-12-20,3469.7740263586907,3301.106620483194,1353.8854527520132,2036.5397456924463,3801.780845752202,2729.009478104068
2022-12-21,3480.2371691068256,3309.9435241616143,1354.8571922574154,2038.2892094494969,3801.0089856371296,2722.9223642186507
2022-12-22,3463.1051055516073,3322.8955486956465,1354.348585190364,2043.202670857519,3809.64702304568,2703.5253678847857
2022-12-23,3450.163111271771,3318.4161764985465,1358.6084751156793,2049.074117911627,3798.474844755874,2702.401190057074
2022-12-24,3460.265836070884,3319.6351201759658,1360.730297835317,2045.8234184050798,3782.828750844047,2702.113677055376
2022-12-25,3470.843514045072,3308.7262174894217,1356.1754972062063,2055.740154621787,3766.0665746796344,2706.336779735556
2022-12-26,3463.1175009836215,3311.6711800454673,1355.5793612991506,2061.698841232372,3780.2406057554276,2711.5150301571516
2022-12-27,3465.955612191733,3321.7249050285427,1359.0621087413751,2063.234085998851,3772.707078166493,2700.444988876807
2022-12-28,3469.1038155111455,3330.363956584736,1360.5705914262176,2057.887450818601,3779.5407299751146,2707.1297195025654
2022-12-29,3455.4019013959137,3329.1628903884935,1363.9861044985382,2053.830439823656,3782.3542929428563,2713.0263134512616
2022-12-30,3450.2981791564052,3325.8527251830374,1363.5802542554834,2043.0869463744737,3768.866803489937,2711.8898805462172
2022-12-31,3446.4700127732613,3327.2089734375995,1359.4823863518009,2049.718219537722,3767.9967185852192,2722.282773840224
2023-01-01,3451.3592302115517,3332.2703781409573,1357.5157201689894,2046.7471535711197,3773.795576335725,2698.797338959988
2023-01-02,3456.257356055811,3338.452365020302,1357.633530335485,2045.424529264382,3782.757788032327,2723.907726340641
2023-01-03,3455.7495457646983,3335.3673968097123,1358.6324014532224,2052.815387695451,3787.4759118413604,2732.2084990255166
2023-01-04,3450.3766030694073,3330.603594911508,1353.0283832199186,2055.002148674656,3787.810658038493,2724.9801871593786
2023-01-05,3466.55406668705,3327.529963178441,1357.8381630066253,2047.3539340960865,3796.6239730926545,2716.3675607931873
2023-01-06,3450.7990181830673,3331.6781244358017,1366.053727296036,2040.7941136229736,3794.8416298101356,2722.576622069425
2023-01-07,3450.4080769005004,3343.7119317355937,1368.096751059417,2040.4107268878172,3800.656439344011,2726.3361330302737
2023-01-08,3466.64426642749,3349.1515783581576,1368.768671105952,2056.886967136498,3801.3676158762014,2721.903995319287
2023-01-09,3482.381975778968,3343.9403397487795,1368.7300387445212,2054.862597982991,3800.3156589009313,2724.73214089887
2023-01-10,3469.896376944421,3341.382148305461,1369.0029130498738,2054.9109501510284,3802.394737578473,2727.8028153935115
2023-01-11,3471.7211496554273,3349.0123573321857,1369.1114741359108,2061.796446207357,3798.299140383389,2728.6051104462395
2023-01-12,3455.281348217005,3358.1744954880937,1365.43110637455,2065.856959420318,3795.1833917895556,2735.3970334723754
2023-01-13,3467.0798489046406,3340.2484775404046,1363.1789677210686,2064.112189973547,3797.3951973807316,2744.232329514528
2023-01-14,3478.709868790514,3346.4633880111433,1367.9121987859962,2064.1660477535356,3792.2818040635925,2729.733866079482
2023-01-15,3490.5118232803093,3340.4505023976963,1359.735524377125,2067.3846623114678,3801.571213440963,2732.637051496457
2023-01-16,3486.404858565102,3331.1496041268097,1360.2798828159462,2074.4249293318244,3800.3713177109357,2738.473222520958
2023-01-17,3489.7297335086996,3323.996396194974,1360.6533367129327,2077.2025373254614,3783.0004721799023,2733.6530590253474
2023-01-18,3494.234113649455,3334.0738890988346,1360.193673912152,2080.055419872957,3789.2747168577525,2724.1683723041438
2023-01-19,3476.160432157948,3334.636435310195,1365.7545661952445,2081.386288823033,3781.0138547720644,2725.592880663789
2023-01-20,3457.875426232469,3324.7611154161286,1368.569038941761,2085.9347171207,3774.330469423149,2715.7211145915385
2023-01-21,3446.3145625608317,3323.9184082279817,1368.1018048802948,2091.7391101685976,3772.4584778018225,2730.593267472778
2023-01-22,3449.311430651372,3323.5426965151187,1369.343513220163,2086.2359434561963,3769.4873784410274,2736.6207572161925
2023-01-23,3465.7313533415713,3332.5781226082313,1361.9250944027065,2089.0591153947066,3774.770668347701,2732.5319444320858
2023-01-24,3479.0989272862125,3308.591350372929,1365.0674643251778,2086.1850868147103,3761.703304324622,2720.303292892847
2023-01-25,3461.848620019648,3311.463149116542,1369.0683719615404,2085.4911549766593,3763.654424399315,2732.6020119926325
2023-01-26,3459.498151481957,3302.866349335824,1367.414613567221,2084.4500170989727,3756.8692466267967,2719.0612425217014
2023-01-27,3456.760697781753,3316.445171228286,1360.0458306411517,2086.214191297434,3772.149556242821,2716.806036497922
2023-01-28,3454.604630789897,3323.019930632763,1354.3778708102463,2083.5499358048874,3768.186491156074,2703.3055132438667
2023-01-29,3462.127299093143,3321.5680645595626,1352.2434830587426,2084.874344484646,3758.1894345808337,2694.050047258062
2023-01-30,3477.034338885659,3308.1106657246664,1356.2504317885043,2080.431693504873,3765.7341926702925,2696.666995903848
2023-01-31,3487.472752720952,3313.5799356345888,1361.2325215184171,2085.984709312216,3766.5234119112674,2701.3215569596446
2023-02-01,3478.125771654892,3325.8612742303208,1371.5654062538706,2094.8760665532564,3765.9728624816444,2697.2252653386
2023-02-02,3500.5159817297513,3321.550753431869,1375.452701253777,2103.2546088712024,3768.996675774666,2703.315385933708
2023-02-03,3506.8870877807412,3323.3717867385435,1376.8122024627178,2105.0259817477872,3764.991984149102,2700.7071668923945
2023-02-04,3496.952474970385,3333.2183419979033,1369.8957438204404,2104.768281807597,3758.793785250434,2699.50614729555
2023-02-05,3509.2089932552967,3343.5811694660215,1374.1362974923018,2098.798664882864,3769.6736944672957,2713.01959292971
2023-02-06,3491.0911513880274,3346.3890506680086,1381.2547568562231,2092.2515301338576,3782.815161222911,2702.4510345285007
2023-02-07,3486.385345215799,3367.478531088435,1379.7213104056832,2103.861656111399,3779.075350086464,2697.6533961218133
2023-02-08,3486.8839940174694,3366.252600478086,1371.7966867565742,2099.6396345977246,3788.7704905301953,2709.1975655272086
2023-02-09,3500.329880500159,3377.8729526587695,1373.6860745198267,2100.4385209969705,3798.512303163364,2705.1693214087704
2023-02-10,3498.810606658538,3384.0299705434254,1368.6646504302705,2097.3128167677273,3798.212575869584,2713.4391694177743
2023-02-11,3513.0690108152544,3386.7548560019445,1371.3646078464094,2093.315522394606,3803.959779509056,2703.2510286045026
2023-02-12,3513.5672607820306,3386.868787276675,1368.4547521443446,2090.993448294329,3798.071874959285,2715.4271316410654
2023-02-13,3516.1628135922,3378.73073586201,1366.999615951746,2092.308513093668,3795.2793102226387,2724.846703163229
2023-02-14,3514.9671144706626,3378.7228292506743,1366.9364233553329,2095.4744158762715,3796.097506120769,2704.3214958426165
2023-02-15,3517.240916436448,3379.5348667102116,1373.8269211721613,2100.4910014210823,3784.713744611171,2716.804034218135
2023-02-16,3506.174212414505,3386.784739754886,1380.3489529400856,2094.7997442558426,3782.941877355617,2734.4811275586617
2023-02-17,3500.2518864342223,3378.0955225231473,1381.8768868174361,2100.4792138991193,3781.855696086618,2730.63227162358
2023-02-18,3508.423315973472,3388.6027467245863,1374.9166838727922,2106.9710417337947,3777.792919782905,2727.1464899955695
2023-02-19,3497.9389117524042,3399.8946183559756,1373.1989677940642,2102.910457351903,3785.2405914485253,2709.446908076364
2023-02-20,3506.559624397528,3381.6832104785053,1370.9293971396253,2094.6136621716428,3791.7254102439074,2719.912636316646
2023-02-21,3498.24265980526,3378.353988391046,1368.6404093020278,2096.421237819976,3793.7697811071907,2724.042882180891
2023-02-22,3496.066442244993,3381.3749144985914,1357.249824599201,2104.855851082585,3799.117360968748,2743.434168288625
2023-02-23,3483.57818629736,3374.3127309055753,1362.991379251464,2095.0665445237164,3804.118400346711,2745.2166513140696
2023-02-24,3494.1957364845925,3366.145104450375,1369.1331570689733,2108.8098771003006,3800.664308488129,2725.9303362179103
2023-02-25,3502.7793191032492,3355.788739068801,1369.575283257836,2106.2121108492015,3799.1199717959425,2708.787050975724
2023-02-26,3504.55908722639,3360.4662795388385,1372.9202143276136,2096.682851541613,3802.2279328346435,2721.896051394333
2023-02-27,3509.777767516754,3359.7603050454345,1373.7877922456403,2097.2220917532804,3796.8232952389612,2728.1725534046213
2023-02-28,3513.0411634644383,3337.8435201793027,1370.464690266178,2098.4469571306017,3810.602495093656,2717.469240012399
2023-03-01,3519.3212070689056,3334.490776034897,1372.2661133433971,2098.1501783399895,3826.9176516102584,2730.4589604835264
2023-03-02,3514.4362269782637,3324.3478865143834,1372.9788125841212,2104.418640265189,3828.8831875520837,2735.5801257483736
2023-03-03,3534.0066887020485,3352.9257911496825,1369.2391889941705,2098.0372801443964,3820.1579943168713,2730.064556667728
2023-03-04,3512.8389287859018,3346.4301435217612,1375.79451521946,2096.255116429579,3838.802081573188,2735.4149421579546
2023-03-05,3507.2742080951416,3333.845886835009,1372.2931418807286,2090.9745990277215,3824.0940234533614,2734.4632396278644
2023-03-06,3535.008429890878,3323.966505721157,1379.0367843806227,2087.061213433775,3822.358524319848,2727.814045770203
2023-03-07,3540.404632589109,3308.6421642621353,1378.6904760954255,2095.4346002691886,3820.6945744883124,2723.0874529194757
2023-03-08,3540.5149656519234,3317.9286448224093,1384.1718503689715,2098.148025177322,3820.376609748694,2722.329134469925
2023-03-09,3528.3877433012763,3327.1461912279383,1385.9425588640138,2097.7130572399788,3836.268308712473,2713.739452631808
2023-03-10,3524.2338214673096,3329.852756272817,1390.0282136345756,2100.308001177693,3840.6620715011095,2717.5914252025095
2023-03-11,3521.4788115626943,3331.8251851176965,1382.9482491756862,2106.987898444543,3848.75407331694,2729.3955810959997
2023-03-12,3539.1145387590122,3335.8499388733085,1382.0865123846916,2106.0189547036416,3849.968260043952,2718.548436399617
2023-03-13,3566.822671147852,3332.815297827313,1385.2549173606183,2106.8300587059193,3851.548112258136,2722.411770428657
2023-03-14,3562.6889571792103,3323.8750967434607,1383.4899119666416,2109.3310790576097,3853.6776949595633,2724.157784618219
2023-03-15,3547.825706240117,3307.3841715982335,1380.2831599865344,2111.2586951147505,3866.548813954323,2720.0219675939015
2023-03-16,3557.865148063429,3316.4206301083445,1387.2403387172294,2117.388301471553,3872.9510033663355,2721.2126945952677
2023-03-17,3550.634551805773,3313.0012648088696,1392.8566438386576,2113.189048639105,3872.59731053247,2714.549441841625
2023-03-18,3560.2277205631444,3314.8306764784224,1394.431984888523,2110.3514387620035,3867.400992156621,2720.3029453188706
2023-03-19,3553.532168013763,3320.953512942827,1397.5498561677582,2110.0864747213272,3873.987513011102,2719.240330249168
2023-03-20,3572.4733216515915,3310.464511454149,1396.7130487658405,2118.992128192543,3873.2562331451554,2720.1075930670836
2023-03-21,3575.8700084728307,3304.889467120386,1395.8180581208433,2116.9873911611144,3869.380240147122,2721.990467729919
2023-03-22,3585.3596832886287,3308.0980447768393,1397.6315247191656,2107.0487309054465,3874.1175423633613,2718.1896777510437
2023-03-23,3579.1313219911754,3307.1871163945725,1392.0320511175014,2106.192448324709,3873.6063081503316,2730.5133357757404
2023-03-24,3582.3348366082187,3293.5535246964164,1386.9838027991445,2108.397828458678,3875.6298996868354,2734.344728945256
2023-03-25,3572.8992301916833,3295.7926040934644,1387.996593452483,2107.3383955207105,3870.9400041844156,2745.024111171122
2023-03-26,3579.564193331019,3298.769053165196,1394.617251914286,2107.294132590755,3864.40593828267,2747.0480533239947
2023-03-27,3598.698054579591,3295.44154304741,1391.9877044820323,2105.1213143086093,3864.07799816438,2764.948172604192
2023-03-28,3599.7588545683807,3300.7877612473576,1390.8028500407518,2104.3124205449067,3879.8945094987334,2763.539809393656
2023-03-29,3608.4984048242936,3273.506481702475,1385.5257150785533,2102.6139508126375,3868.8320140291385,2753.508675092953
2023-03-30,3605.636899157824,3274.6341778443193,1383.9582736680068,2101.314500158097,3866.104115820954,2750.428230971239
2023-03-31,3606.147193217468,3276.422196333772,1379.764626739298,2097.278112265377,3854.8640894881455,2765.725725479382
2023-04-01,3581.824067319897,3281.8093976477658,1377.332379978478,2106.7799451547867,3857.997172077487,2771.376979387328
2023-04-02,3571.082437720705,3275.1205878482483,1372.654094730468,2110.3201863683694,3856.571949615705,2771.704585775676
2023-04-03,3576.2166418118372,3287.886164514953,1376.6002598786522,2117.6567125029533,3865.642673278043,2788.4030677018723
2023-04-04,3575.668829261441,3280.097143978813,1368.1915987679577,2112.895472581904,3875.3766313668216,2788.2495844574687
2023-04-05,3589.491830499195,3272.199226620851,1369.5422700370034,2110.9942136250006,3883.9205497817284,2784.80553140139
2023-04-06,3592.4578836663372,3288.0976154967443,1370.1763293080644,2103.338930474468,3874.585591041419,2786.1176429183224
2023-04-07,3590.5611692137873,3274.4448584971283,1372.45130701864,2109.160944012882,3875.0763176580417,2784.3115447759556
2023-04-08,3594.918341216704,3269.6126810674778,1368.4082015989104,2110.757605590474,3870.6265618339676,2784.607948044285
2023-04-09,3595.2499650562067,3269.0954609018468,1365.8813309021066,2109.625311046374,3874.547855936546,2795.6130135687536
2023-04-10,3585.9775669232745,3263.1185358378084,1359.879448813901,2100.756740807864,3870.4922066129598,2800.8380363970555
2023-04-11,3580.902002019542,3260.096996933685,1365.6767057691156,2095.132718892303,3864.0669916912602,2802.173933169247
2023-04-12,3575.0567849924314,3273.8046845120784,1369.8891002793055,2096.5044609059332,3869.997050638152,2806.7164604564996
2023-04-13,3558.7173310341545,3279.830985554382,1368.4621525714113,2100.1474437518536,3883.0836312954953,2806.117848859551
2023-04-14,3549.0129877563254,3292.358088072592,1364.4179817525169,2099.7890819940635,3885.396971839451,2793.2925919569807
2023-04-15,3558.363611461292,3274.9172033580326,1360.3346638546054,2105.9574205669505,3900.0573613936276,2789.6462066005297
2023-04-16,3551.648261490273,3284.7750704328128,1362.9166802067807,2108.2925306833467,3897.469369494362,2784.0497116948313
2023-04-17,3544.2560136222355,3280.7743573013386,1364.5179077922146,2107.358013727892,3902.525509903238,2790.037599234737
2023-04-18,3547.081879475124,3287.2886072168826,1367.9894025208864,2109.737530246719,3886.3651186851166,2779.5925165431427
2023-04-19,3556.0238943773306,3299.55800622702,1371.881931023837,2108.1078048332265,3882.1833324910267,2788.7201849456933
2023-04-20,3560.9375481667557,3297.470122443631,1370.8551162391416,2115.090714958852,3884.479318492423,2785.954146834972
2023-04-21,3551.1475397740664,3299.160486824807,1370.435933045818,2123.3369920592827,3896.6310244276983,2789.562199220237
2023-04-22,3563.799508811039,3299.3381783554955,1365.4695113802222,2122.4640803967354,3888.907601552101,2777.655878903489
2023-04-23,3564.164378422546,3297.8064614127507,1362.2984875284978,2124.4118985832797,3892.1102231097975,2781.4821800008076
2023-04-24,3568.523716298121,3305.654703345728,1367.694910324063,2117.3944642016136,3876.6762429508026,2780.7226211987363
2023-04-25,3582.0908937330983,3312.6687249041233,1373.6521492803445,2120.6603789176893,3884.262309766132,2774.5367903089436
2023-04-26,3574.105053228885,3296.71513418855,1380.3269830187148,2121.1322524583616,3881.533574347184,2796.727733369759
2023-04-27,3577.4015010556227,3284.4678826211466,1378.9501109516325,2120.0362078816424,3880.9644539908522,2789.176341798725
2023-04-28,3583.7109878954316,3276.75888252598,1382.7671921746196,2116.2501960942927,3879.1947538515005,2794.6480130392592
2023-04-29,3584.8131306704627,3275.03918336052,1387.1554742844269,2111.5874612562957,3877.535451233969,2796.4816606124577
2023-04-30,3584.1197029453187,3278.5983141958322,1391.2904768188655,2113.708267775051,3871.972040927178,2799.089231532078
2023-05-01,3573.909615947804,3283.5546727614264,1398.8957386409961,2110.8388975756543,3881.913053661804,2796.6055759640612
2023-05-02,3566.5314071275507,3291.1974377384126,1395.6920033849458,2119.3116007150684,3883.064077623401,2806.5484722727183
2023-05-03,3560.562058507192,3298.523510687018,1392.9337046987484,2123.4149278988098,3886.0111438379454,2822.698320083018
2023-05-04,3537.383452157931,3297.568338682874,1394.721126845511,2122.302926755391,3884.4833930730492,2821.2053069878957
2023-05-05,3534.3338771799877,3293.4133290103746,1391.9962147723859,2118.725164591216,3875.8533903334123,2826.4465603039635
2023-05-06,3526.3521157858872,3286.1495213555563,1394.6886749834148,2115.5357209173053,3880.7245878882118,2819.0861907486496
2023-05-07,3535.078167173743,3276.389546573785,1396.320422119684,2117.4451642277836,3892.0357437191183,2816.544478054482
2023-05-08,3527.8471990962485,3267.388680289751,1398.1777190190578,2114.931109419614,3895.0311032376,2819.7845389158547
2023-05-09,3532.2368743499915,3285.289754605724,1399.0347254765002,2122.8637384312665,3897.5539653289948,2815.22659032535
2023-05-10,3521.070913042103,3298.965331622248,1403.1377805562022,2119.3927721623922,3901.5600962290437,2811.9744385831777
2023-05-11,3519.864561244916,3303.985208516685,1413.1531081028465,2115.6936805131536,3904.5762592374463,2811.2965582210527
2023-05-12,3519.8647754487347,3296.879518487471,1418.9379190457942,2118.2074555924146,3908.367353788986,2812.0272889392354
2023-05-13,3518.1895051910483,3313.0612700002794,1423.3747210200404,2126.822493884148,3907.7428806919283,2812.752561533197
2023-05-14,3517.1655434192726,3311.2653156767446,1418.878430275323,2124.9478885339227,3896.1490182360185,2820.654004140829
2023-05-15,3506.582892655149,3319.3069489515824,1414.296858275214,2127.3169987822075,3887.661792672624,2814.9495042880344
2023-05-16,3498.44933756936,3327.2761592994552,1417.7666754552642,2131.5662798450676,3877.2502750542635,2833.843923259642
2023-05-17,3516.159690395331,3324.822764715981,1415.1153261570864,2142.507619794851,3877.828227381959,2831.821268425836
2023-05-18,3523.671995638118,3330.3220948511616,1408.4770448245627,2142.9363736946225,3875.0890151084373,2832.855596770344
2023-05-19,3521.457747497582,3345.5880944969977,1406.6495883080129,2144.8142151416973,3878.2720058992336,2830.74466166528
2023-05-20,3502.812909508415,3323.029272675103,1409.8455459994989,2141.9605574304237,3891.3990808261638,2817.860515122046
2023-05-21,3508.1329862082953,3328.7850244495544,1409.5740552914435,2142.209720039487,3879.448541992926,2832.586813950225
2023-05-22,3516.8872182838654,3318.84551014046,1404.2894859623325,2146.451564617328,3866.4186977316795,2827.5808318529116
2023-05-23,3511.9770208617133,3327.1800912692743,1407.62517054906,2134.135188425381,3875.687012454638,2827.972949121102
2023-05-24,3515.6519473876856,3343.989328142913,1405.2509201040236,2133.2129640465623,3870.0548940118993,2826.6095657618653
2023-05-25,3508.699434610473,3341.995494735823,1406.66051156725,2136.181851938369,3866.4396228944097,2841.665830729501
2023-05-26,3516.0252199375673,3334.1154624053115,1405.524226263777,2137.5494695575653,3882.408420001794,2840.7561398737425
2023-05-27,3518.736726369195,3337.6140934500627,1409.3235701048905,2143.8167370247766,3888.1730714581217,2848.9066597573196
2023-05-28,3505.5395061718605,3332.306711995859,1409.9423805246774,2149.1715886928537,3894.125920732543,2869.5093108607916
2023-05-29,3499.5383090501878,3332.0732145571246,1404.0016093404276,2145.0900167294226,3901.8461882667298,2852.818346231982
2023-05-30,3514.5641793757613,3329.000915475271,1395.2081758128513,2138.292042560047,3907.521292376511,2854.6793323918737
2023-05-31,3514.0586521397686,3317.9807385892345,1391.435584864065,2137.484489720508,3918.769629159462,2849.1557120159873
2023-06-01,3501.3509077429176,3323.9926429583925,1387.4245386551545,2137.2963047602743,3919.5431964991935,2853.029180001971
2023-06-02,3489.154813530097,3323.073421597311,1384.5599521249653,2128.7313974854906,3917.804430719533,2877.342746769625
2023-06-03,3486.5652775583594,3318.528886009424,1386.365515155789,2127.948379487988,3927.5468010869236,2876.5571838373617
2023-06-04,3487.398878264144,3312.691401396062,1389.267433516414,2119.3965300500067,3930.913975999076,2877.4568737681743
2023-06-05,3497.7438628718664,3306.585258752596,1388.95762034616,2109.9156235005153,3946.8987843582822,2894.984378196958
2023-06-06,3497.7883628670993,3320.6974700807536,1386.3467550716234,2109.864045778487,3949.370076431644,2909.0350703867143
2023-06-07,3507.4180857927086,3328.661757213973,1387.5964693834107,2114.3115574640515,3937.0467364938204,2915.088243516556
2023-06-08,3511.382536697524,3331.013173100361,1380.0428199123346,2114.299190376422,3938.924168887837,2928.16190517215
2023-06-09,3521.629006982172,3324.1565857623564,1375.917924622738,2117.52978599365,3935.5808633169013,2912.0549045747784
2023-06-10,3523.425029585959,3327.3926513009437,1373.219792650764,2118.044111439128,3934.0923255121306,2914.722262919988
2023-06-11,3540.959174416667,3315.2540362583627,1368.8826408763075,2116.367646019313,3943.322854701003,2916.4238115834073
2023-06-12,3539.8036828536847,3320.6642355319427,1365.0581130081662,2114.320329432641,3944.37683022936,2906.91114835656
2023-06-13,3530.257773942992,3312.352873201341,1372.8475146129076,2115.706831715544,3941.8465164815034,2913.3817002706683
2023-06-14,3528.064700113956,3308.057378637247,1373.4294866493528,2115.7405644308196,3945.602921536586,2903.019146530092
2023-06-15,3530.276892827723,3307.266276815858,1375.0369154640289,2114.3256971150395,3940.1358558542734,2894.6953927288478
2023-06-16,3523.2293528204436,3294.440896262633,1367.0820241614656,2111.320566302716,3937.884392662195,2875.27006188408
2023-06-17,3535.482533831034,3301.977586431967,1365.8686166440236,2109.2234209552876,3932.0224918480367,2883.642534338131
2023-06-18,3506.148785855592,3319.8251739196467,1360.2545503924123,2112.4034161486215,3932.5184848527524,2873.992256053932
2023-06-19,3514.686148196711,3340.362714926815,1360.3627116777743,2107.145312019453,3931.4429226056186,2879.9022884355627
2023-06-20,3515.414376148946,3346.3900258327985,1356.317687570858,2109.358565891836,3911.640111863747,2889.2776406491785
2023-06-21,3503.540042470236,3347.672514712017,1356.1027696907881,2122.0001811416905,3914.5947287902004,2892.6795497581215
2023-06-22,3498.786440679002,3330.448156873788,1358.2773240265817,2119.288168899049,3918.4333080000993,2886.117354174598
2023-06-23,3484.041776230267,3333.5539521915134,1358.825442409997,2126.9831837082047,3927.5817694779917,2883.2708388731503
2023-06-24,3487.7637892109574,3330.0927874814065,1354.098835777008,2132.2792373329653,3935.5779091623954,2878.401520276094
2023-06-25,3491.826865512674,3325.0070369042382,1356.6453391751495,2134.639238142672,3936.846036118846,2858.138277999293
2023-06-26,3500.540651745911,3313.284236392302,1356.6205341469508,2134.510578280203,3928.648136771904,2873.50019029725
2023-06-27,3496.392931387124,3321.234444208664,1355.8597508168434,2136.2787850278637,3927.96300513482,2886.4595080427916
2023-06-28,3491.563174373129,3317.321774837395,1359.2630671479058,2136.592555691078,3932.175239796049,2894.80755170544
2023-06-29,3478.314610604025,3331.453689541772,1365.7876272073095,2129.8314016317463,3944.0871578598444,2894.2420917925356
2023-06-30,3489.534915876537,3318.9188833333915,1369.6118114959843,2123.4482005135133,3940.6794323420045,2911.961574753271
2023-07-01,3471.1227594684924,3307.3220482657516,1370.0535103559382,2127.9066958704257,3943.468885649772,2898.54180447011
2023-07-02,3460.3445253068794,3299.662157619561,1372.1214415975883,2127.6182217172654,3938.2121116143644,2900.2377875224365
2023-07-03,3463.710079340874,3291.958202249436,1365.1260348549483,2125.448060219333,3956.967587843633,2905.724628535198
2023-07-04,3464.8888097656745,3303.8073045315964,1367.3020239245348,2116.53989107969,3950.8433335650298,2914.9696202411083
2023-07-05,3462.5224175148514,3313.631827122361,1362.2717794058397,2114.6055769363948,3953.7733039128398,2917.992794685848
2023-07-06,3460.7537336042587,3304.538645337344,1358.3716539336267,2105.7888514268407,3944.1479803385473,2921.0665474988314
2023-07-07,3461.771705097297,3308.6547724743696,1353.9147184762871,2113.4522529354194,3949.071715812994,2906.3320847224772
2023-07-08,3456.3451516179434,3310.406499499763,1355.6120623319132,2120.9789293193653,3943.130848446645,2915.740295743195
2023-07-09,3446.922821068392,3304.3568036035604,1349.6649348406067,2123.3622079003962,3957.599748659189,2917.9526289411033
2023-07-10,3424.9518439062936,3314.2237463643373,1351.5996681702195,2120.971000240671,3949.8637316494255,2910.772482737271
2023-07-11,3421.3801071934527,3314.6503424270268,1351.728325961663,2114.4764158509306,3953.9098202696014,2924.141409620011
2023-07-12,3413.885693153975,3323.0681132475706,1360.8251923904163,2109.2972824804738,3951.1213239181297,2911.936376222732
2023-07-13,3396.5114036470486,3312.735917127852,1356.0983016803511,2111.3907235381566,3940.270599256921,2928.3739095620444
2023-07-14,3410.4612175675456,3316.894348595079,1351.5516880085415,2105.1656152054884,3934.307269161797,2928.0958748469106
2023-07-15,3420.139197532632,3308.671319372787,1347.6635244996228,2110.682804584011,3926.6490133749803,2945.036309500717
2023-07-16,3410.839312505965,3323.254659220708,1341.2333148920893,2113.650262020452,3917.668540054171,2957.084670811055
2023-07-17,3399.3236723479945,3326.395762502835,1342.78378691883,2108.8793415809578,3918.0555279161504,2955.447675998651
2023-07-18,3401.518488629687,3326.5746849994184,1348.589856216832,2110.253942555556,3922.2025545430815,2957.2780083651455
2023-07-19,3400.8072414442386,3326.391031502052,1361.0157135060172,2105.8250825064024,3932.700803025268,2942.10144039563
2023-07-20,3402.4599262194524,3327.722611926304,1360.6829490652053,2106.7745162808064,3921.874219457706,2938.215299577054
2023-07-21,3393.6678761218113,3320.5961368379203,1358.015877610417,2103.3246950044536,3934.013990610905,2938.3214885201487
2023-07-22,3379.438712168982,3320.4677554442787,1365.0322747944815,2103.7348099873657,3936.401420316511,2913.9924467508304
2023-07-23,3367.0624154871934,3322.13928631433,1361.1618196939294,2107.7659046782974,3941.8530158838707,2901.1569182979506
2023-07-24,3372.4486148277865,3318.686539546089,1361.2550437208688,2120.268495188727,3944.9826528348,2907.1963372461314
2023-07-25,3355.2449177712588,3315.3759807524684,1359.5664856060364,2119.5257531866455,3949.7457930309115,2893.5585609375976
2023-07-26,3354.3327701624357,3334.163073687688,1360.5136039804688,2118.0448461000888,3958.4815198487872,2907.998458342223
2023-07-27,3362.8958713343986,3332.678040576952,1359.2680117900925,2116.0375546099935,3961.9767595634207,2920.486943400401
2023-07-28,3380.9229068217564,3329.5196604133394,1351.5090520665312,2119.2787206860166,3958.186209229932,2917.63920940717
2023-07-29,3376.7897881808385,3339.5350156130253,1355.5966959732455,2119.8764900505216,3968.9553349350076,2917.2330030599537
2023-07-30,3379.6052279388505,3338.2537753402917,1355.8899256095806,2127.135495537615,3969.7300513688656,2914.250302088723
2023-07-31,3365.693640383298,3342.7279831809115,1357.0803166760245,2115.6117076460896,3988.398280829889,2914.513622919235
2023-08-01,3364.875559998024,3341.235928947881,1352.6348448524138,2117.7867565388183,3991.0459680827726,2916.6774504877967
2023-08-02,3366.5562035024836,3333.5850988667066,1355.067761743407,2116.516136590181,3988.811506928711,2911.8393907181553
2023-08-03,3372.571831892623,3351.039081902705,1357.3479285387853,2119.3201571837867,3997.6969092459767,2921.9971523271624
2023-08-04,3364.1775091734007,3337.2218839710767,1360.72291882336,2122.9539766588564,4010.893019858099,2936.769176398794
2023-08-05,3359.551113809008,3344.5357742289707,1354.3561065136241,2119.129085880207,4004.6937686619394,2928.0911357525742
2023-08-06,3344.944827537158,3345.1064850249604,1352.5038553289319,2112.751462442015,4001.23831987413,2929.314430544261
2023-08-07,3355.391687345742,3341.01466465238,1347.505467856653,2122.3617007973635,3992.4317892486674,2925.417608726918
2023-08-08,3360.0715203427026,3345.5738648979086,1341.8964877761082,2119.8185101322847,3999.72710579786,2920.2513060524925
2023-08-09,3364.835758334433,3349.823343049332,1346.502731405131,2126.1948258343423,4003.8361181127316,2932.16647972085
2023-08-10,3366.7096177004105,3339.4386022328536,1344.0026845943044,2127.690207650539,3997.2016524672035,2953.181514939238
2023-08-11,3385.1279337488036,3331.9638077997506,1349.7376137716792,2129.9498688258586,3998.7964099313735,2955.461358766726
2023-08-12,3359.61229624544,3328.701376814599,1350.652212753687,2129.521540668138,4008.1296267175508,2953.2279554746456
2023-08-13,3365.366939020866,3307.774416490749,1346.2751050908776,2131.6909263251737,3999.9152655899115,2960.9510506386846
2023-08-14,3373.801949355636,3307.8375374105635,1344.953002307481,2141.0460837971377,3993.114946182884,2946.833992683868
2023-08-15,3367.8295570637615,3310.0180074542486,1349.2797209085484,2148.8429617304746,3983.5190900326647,2952.637388824224
2023-08-16,3354.298443555411,3316.095734751804,1340.379021300079,2155.170462701579,3965.515165682522,2952.720555580975
2023-08-17,3351.255320443477,3324.84197748031,1339.191944306156,2159.442082833245,3953.0770873893002,2967.5908672483956
2023-08-18,3349.656403607725,3330.9459950374485,1342.4319692529361,2160.3103119385923,3952.9519853965758,2959.1019523234454
2023-08-19,3331.765055954643,3330.5276203954236,1339.4200147798117,2166.0763391747464,3937.6063504864796,2957.5027710748354
2023-08-20,3317.311739549988,3314.2375920271966,1347.4295194333367,2169.814444676483,3942.9945990355177,2961.4699035997587
2023-08-21,3318.8712554389867,3313.0588194316088,1344.247786157901,2168.377057531235,3937.861247729008,2972.307734315163
2023-08-22,3320.758491607973,3312.701882882748,1342.1024109776158,2169.426673342747,3941.1376119616507,2965.2378970653513
2023-08-23,3315.6517904892853,3311.036688370361,1332.807664174847,2159.2438238450213,3937.6929039089023,2973.020472485806
2023-08-24,3310.788618834277,3325.6287842963475,1336.9778256771729,2153.5962043217287,3952.9032853294366,2951.414927411039
2023-08-25,3312.955735028322,3330.510918809539,1338.3921402294861,2148.0149751103995,3953.2951439645126,2950.928413038812
2023-08-26,3306.525927795741,3327.0120269387508,1339.450802779194,2147.8226930505057,3951.3622379556496,2962.022187059558
2023-08-27,3319.2540517169664,3327.2058341876705,1337.9967212468268,2145.316939918511,3954.665634159069,2967.9393307185383
2023-08-28,3324.396651755217,3325.756628191995,1335.338142868698,2149.845352250426,3969.8577856315082,2955.8839782916916
2023-08-29,3317.0887130188617,3327.612147577932,1334.571253985076,2141.939277978482,3963.607210421057,2953.6069704549436
2023-08-30,3312.0664792248817,3335.236954439427,1331.7366177506215,2151.30750087219,3974.0766378739345,2957.7261374489417
2023-08-31,3318.77657026937,3335.815437191056,1332.3317056526416,2149.829613650323,3984.765326656982,2964.193782548789
2023-09-01,3326.8789685700917,3339.6454364560814,1330.170318460089,2159.894430166126,3976.8447659276776,2970.8806389358224
2023-09-02,3333.89521828547,3324.796465591856,1331.7832847355273,2167.376059954486,3984.3976326745287,2944.0827217243864
2023-09-03,3324.767958062951,3320.4818991100824,1329.6309549679763,2168.6910637246265,3984.240077957049,2930.4387358392537
2023-09-04,3329.7487202884754,3318.170111393561,1330.4491447989574,2168.005797992205,3987.303698286886,2928.3595899369047
2023-09-05,3323.953265513809,3321.915216932003,1328.2220842034528,2171.078416034486,3987.342910486591,2916.8015477811014
2023-09-06,3328.5472521902534,3324.479093296616,1331.1039505897347,2168.5334864791657,3992.6711452082986,2911.4148722068117
2023-09-07,3345.0023957421627,3324.0270441605667,1331.015853298307,2167.0749541036867,3996.486170191736,2893.574739832196
2023-09-08,3362.220210083062,3329.81592802066,1326.7247970244682,2164.590849022273,3990.5458397710827,2893.606105746646
2023-09-09,3360.7009518982463,3317.616569504161,1326.762709163562,2168.1261929855564,3999.975141630462,2892.789089908458
2023-09-10,3356.8567309563487,3321.072047027244,1331.337554143386,2162.4947396947236,4005.120326300351,2893.684114676422
2023-09-11,3377.828769824698,3322.4360643152067,1335.8164459846207,2167.2183985516385,4016.9243359318343,2887.258501257441
2023-09-12,3377.419998200627,3321.051399288939,1327.4088196510545,2168.173323432539,4022.4821814392235,2907.37679869206
2023-09-13,3361.8396362748163,3322.613376536815,1329.0548313004517,2178.617893846305,4023.6700231469213,2914.177824988878
2023-09-14,3360.3634726835853,3327.3067093927502,1329.5691685904007,2176.6042707131346,4033.7817948770594,2931.2416948595055
2023-09-15,3357.9527939850805,3312.9594363071546,1330.8160036473985,2180.4524950982727,4029.986808137056,2924.8131866592366
2023-09-16,3368.835876081407,3320.2218884312983,1329.4005756777558,2171.2695838860286,4039.1167620738693,2930.3578201100445
2023-09-17,3368.2096636676642,3337.120021981751,1321.488326799674,2171.6510987419174,4045.06710931357,2917.901746485363
2023-09-18,3379.8758689334513,3347.6906361215347,1318.751167766544,2183.4496690285077,4030.262856407091,2908.2216827867974
2023-09-19,3393.0942550161403,3335.114742792682,1325.3608389741096,2182.3841314970455,4024.7206510447263,2915.6207415858225
2023-09-20,3400.837706184889,3325.125735484682,1328.0343832045955,2185.3908251489665,4027.2900834465013,2911.8046841702712
2023-09-21,3401.2512209896495,3315.8195956491254,1329.1664611837246,2184.1013417686254,4033.9225368867656,2929.3139645623246
2023-09-22,3389.840483893988,3318.4834667265304,1327.392258318785,2184.9812521200774,4038.4489129810195,2936.0477121802237
2023-09-23,3399.058882112481,3313.409375232527,1337.3061077355544,2184.923640061429,4031.3761476952814,2953.593020531719
2023-09-24,3394.165293018751,3309.125529074722,1336.6565772242686,2185.55839355094,4033.101054808204,2945.21511516644
2023-09-25,3385.792179620402,3323.567307318699,1337.691535702726,2181.7572608849555,4042.007972481205,2942.7643941641586
2023-09-26,3406.693297740513,3305.022082907758,1335.9272293717042,2186.325808413874,4051.982842800781,2941.926233415481
2023-09-27,3398.9651847558753,3280.0067834780834,1343.604159128303,2192.5485133013394,4041.1631535535307,2954.2264600183707
2023-09-28,3399.1747416424014,3281.663706477805,1339.3266209438773,2201.1232924401165,4040.100558779364,2954.785815767844
2023-09-29,3400.3326765245138,3286.8072288782373,1339.067521042239,2205.280211966577,4052.789743225718,2953.0402110710565
2023-09-30,3409.180306399964,3284.509582810045,1335.3482105683854,2205.1582050768857,4054.1530348725087,2958.5580292639797
2023-10-01,3399.452555669503,3295.9087515675155,1337.5093202663277,2206.303530934738,4053.1425734173135,2962.037937546264
2023-10-02,3397.4766240569516,3290.6872716747116,1340.4077847924968,2209.3980506799126,4047.2355602351026,2952.623474957674
2023-10-03,3397.7210843096573,3295.8628362301847,1343.8193204715385,2202.988253109737,4054.683279286675,2966.778386728189
2023-10-04,3396.0656105798103,3302.8315553238804,1345.6366547838347,2206.7621853123223,4042.08263834939,2979.4582217508128
2023-10-05,3392.9984030217092,3309.60625718117,1351.9452475577891,2215.8496487695948,4053.436501291105,2965.5733476363503
2023-10-06,3383.1405663601063,3311.050323450692,1351.6641768946351,2219.4077441570394,4047.8829514120857,2956.955560779342
2023-10-07,3392.4029870868885,3328.567087799397,1348.2992398048957,2222.403023065426,4049.442692742119,2949.653673032956
2023-10-08,3407.5617898340815,3334.259517808647,1356.9372217007017,2218.3565677443253,4039.5376430390083,2966.094346131801
2023-10-09,3417.2763126153613,3335.4337438805364,1355.7138618879612,2222.284407679038,4043.150335267289,2963.02527806857
2023-10-10,3418.0232901765266,3335.2122338783674,1353.5760267511305,2215.9947633774586,4044.35801939885,2955.0077636646865
2023-10-11,3426.9495251596804,3323.4128445694564,1351.1611753375662,2216.5096537506697,4041.6240889102564,2941.4351096644477
2023-10-12,3427.1757414444487,3322.298651076407,1355.4396094613596,2215.9955576325506,4055.0028116870735,2956.4816938900885
2023-10-13,3417.3872929143095,3317.6603036212714,1349.6786282762846,2220.5517602813466,4064.1179980060806,2966.709420388447
2023-10-14,3421.2109779344587,3309.1017606581822,1348.2188837579365,2224.023096580656,4058.9124901233395,2967.7035707446926
2023-10-15,3405.6080087201453,3314.2564722062343,1352.9134196856503,2229.62329930593,4056.605762187669,2986.2855751218904
2023-10-16,3418.7355123142515,3320.9867883216502,1357.1846381935648,2233.3617070068703,4046.1462908825865,2981.0088186067997
2023-10-17,3402.483616853156,3319.0868739334956,1349.2382522809226,2233.717673139658,4047.3250037789794,2978.449719112909
2023-10-18,3397.884946385665,3310.7610042304273,1349.2973342531327,2238.2493203455406,4051.5104319687707,2986.6935811202247
2023-10-19,3395.31418223477,3323.364333890878,1347.3025600556743,2240.5819124984823,4051.168902673677,2987.2642770498924
2023-10-20,3396.1038358347023,3318.0397058976187,1346.2529122610908,2250.02933090279,4054.244639722366,2987.4887816110327
2023-10-21,3410.558604703532,3308.7909971234976,1351.2572231867248,2253.554221992771,4059.3925400672297,3003.003924853519
2023-10-22,3424.496555205989,3301.475763597666,1360.113459901351,2265.483145599276,4049.7522418273156,3013.609895749166
2023-10-23,3428.177535453866,3310.614501769115,1358.4221100564616,2269.1532477588858,4043.0108088329243,3005.032752822107
2023-10-24,3450.377382607595,3329.997823798334,1360.1558682157065,2263.391284072867,4049.171892522319,3016.2075851052678
2023-10-25,3452.26341124388,3322.154172330885,1367.0040609766852,2262.895933165355,4051.4186259587536,3025.11939946294
2023-10-26,3455.758131482221,3323.9604815578705,1364.632014946838,2258.669766390517,4059.3776041476676,3021.177468867327
2023-10-27,3471.1938928014524,3328.2097523323237,1365.6974689824494,2264.045076942284,4049.629953650565,3017.100600085245
2023-10-28,3469.5562441440607,3336.4664346573277,1363.178742980718,2267.37514344003,4055.9755760144703,3026.1246209457036
2023-10-29,3478.1310040707986,3348.9556396146545,1360.540933765474,2273.179554113413,4062.8448238069313,3030.1944132036724
2023-10-30,3460.513259126083,3352.343640046377,1361.6534764736105,2276.6738371123815,4066.645641309584,3027.1674352429463
2023-10-31,3480.6491434124014,3339.9714765808,1362.4001813641144,2278.8985016836423,4080.4170073216965,3040.786964519784
2023-11-01,3453.908750398823,3344.2731886114225,1367.0039201531388,2273.867496004551,4061.704729727205,3034.7691098761215
2023-11-02,3454.6545336398294,3333.7801327553016,1370.681808367393,2273.822865677571,4060.0947832940315,3036.592037577203
2023-11-03,3458.3783858613833,3321.4863255326504,1371.643353380523,2274.7377920891017,4068.890037082365,3029.0994308206627
2023-11-04,3450.90299346869,3337.191610082324,1378.693055185406,2266.430385215581,4074.0231831148167,3037.00330732928
2023-11-05,3466.5935363055105,3341.3112449711452,1376.3478545532273,2268.3614315620835,4086.6151817569553,3034.6150463332315
2023-11-06,3477.511251734818,3339.9682208707527,1384.2766151779194,2273.9274508620483,4105.715647763811,3027.6886449600374
2023-11-07,3486.45928661327,3347.373831686986,1384.2192569892381,2273.004922875471,4093.152384191007,3036.1978281406823
2023-11-08,3492.0402762448794,3350.2715796505227,1383.1910358224136,2276.761885764461,4090.431485876123,3041.8074779954986
2023-11-09,3500.9167591502824,3346.639828529003,1377.2844952512262,2284.173558935133,4093.8662933224086,3049.93865818525
2023-11-10,3498.462837081547,3348.596997440495,1377.7421826341322,2286.985446720483,4088.9386976310975,3054.2372907003637
2023-11-11,3506.91171031284,3343.641357612437,1375.3027369768529,2296.736178085339,4091.516844313056,3051.3339733677667
2023-11-12,3513.024098189226,3342.823264622018,1376.6300125167486,2295.92210629595,4092.304159599157,3051.975676807685
2023-11-13,3524.403210996136,3338.227450044743,1377.526342730004,2296.6261232625125,4094.86275905043,3057.0682412519145
2023-11-14,3521.0479077162468,3326.5230655431974,1376.1738132776834,2295.4851559752087,4089.5651730783925,3068.921505486504
2023-11-15,3515.590916166338,3349.144628374693,1375.9167849940866,2291.223059134957,4089.353471746125,3059.6830674100274
2023-11-16,3515.6541102919064,3340.985172456323,1375.7607122746447,2287.8826180254264,4089.3956037578528,3052.8552001810885
2023-11-17,3510.733791191029,3338.9286746319203,1380.9819501308327,2275.2558297047185,4089.918150840428,3060.397121610854
2023-11-18,3526.67467294578,3338.011981251949,1386.7272758265847,2272.9915513170163,4093.4716279293725,3054.4666835090075
2023-11-19,3540.123474659527,3348.04783451497,1383.9625895797685,2280.885894854457,4086.39089710733,3062.5300104501416
2023-11-20,3543.7614279657296,3348.1484167863177,1387.9360741467879,2286.863943632995,4098.34979989807,3057.8434203272964
2023-11-21,3557.645113064963,3354.650364160043,1384.9242631237232,2288.203742111005,4101.75832288281,3065.920669181722
2023-11-22,3561.6702038676294,3341.6671998331794,1389.1321829167107,2291.748840079252,4084.7782828184936,3076.7086504267836
2023-11-23,3574.885250672941,3337.967144050947,1386.714946814612,2291.2315222133484,4088.633355155713,3076.631574971334
2023-11-24,3595.304426933654,3343.5588080183093,1384.7345281243565,2290.63284490766,4102.1702975111675,3070.091201752462
2023-11-25,3604.2166186620184,3356.400566422417,1390.6531626030403,2296.3047984433565,4105.6630357442955,3065.8066599751496
2023-11-26,3609.8728830165574,3365.939901363672,1393.0636505853088,2295.80108093092,4107.520311859063,3068.176105081001
2023-11-27,3620.1068362721257,3366.1819984549,1397.069248125296,2295.3553349544195,4097.021864052694,3072.736931005983
2023-11-28,3616.1559462039886,3359.8308336804257,1391.070025410179,2301.9908350123046,4101.750012193445,3082.1485856458207
2023-11-29,3609.1347355906196,3350.776234796852,1391.2801857430368,2305.4596012650427,4108.837219543792,3073.3177841742317
2023-11-30,3608.828149366376,3339.025990133192,1396.2760315850742,2302.073818735774,4096.213465965875,3064.194228073743
2023-12-01,3629.7461076658074,3335.596737788598,1399.0932976303272,2294.4225568702154,4091.763222741175,3064.677177125044
2023-12-02,3627.2142130852844,3329.332937824568,1402.0385415235844,2302.856557824465,4089.815407516431,3051.9120197204325
2023-12-03,3623.5512298075614,3329.290629581402,1400.3725460833252,2299.1441905116153,4100.884282102967,3050.4287622123306
2023-12-04,3625.9362990420586,3341.439317754004,1399.1818212040162,2299.0766121506676,4099.608678523577,3072.105374780672
2023-12-05,3637.9640328287182,3345.0958016819263,1400.0816974622207,2298.2866730507153,4109.460833013987,3064.2903933392904
2023-12-06,3648.1337283528565,3342.38573838896,1395.9573933257293,2292.3911310043773,4115.108246277419,3069.0257000897354
2023-12-07,3643.124339966633,3365.30872884391,1402.9232190050946,2294.4054912662914,4128.369719601795,3047.2584008441668
2023-12-08,3651.0323988094096,3362.448254480563,1397.6967490622274,2300.8688569487044,4114.104979369718,3042.681470766971
2023-12-09,3655.5923273775115,3355.2366544361075,1398.6609639061005,2298.3047635978714,4116.041508381197,3025.1279689024755
2023-12-10,3653.1569228037006,3358.661178721743,1397.7764484609143,2306.3227770110298,4114.00764873199,3030.3361137526063
2023-12-11,3664.692100561372,3368.4232311907203,1403.5913799882856,2311.238188443696,4104.341411695991,3031.9128299806835
2023-12-12,3666.4008197037992,3373.3497261778552,1408.4336390571284,2322.160289019806,4106.871887842811,3021.111280473612
2023-12-13,3675.5873376240734,3368.4448585960113,1414.3265224101494,2324.945404690857,4116.9744270059355,3046.950323653227
2023-12-14,3666.548771922565,3379.216148592283,1412.4111835670801,2320.7642434749605,4109.881505760455,3044.6120437395575
2023-12-15,3663.7781925346526,3381.2861039744153,1407.0467878490733,2316.4359101452947,4100.560175703,3038.62057404244
2023-12-16,3659.4879835140937,3379.0449179274437,1403.2457717574569,2319.093679818843,4114.377419890479,3020.615953784485
2023-12-17,3653.52983111754,3386.54480408982,1393.8140743262122,2312.8546354404216,4114.645405664254,3025.63112155402
2023-12-18,3650.240570868067,3385.494613645652,1398.6172382237387,2313.1415151169945,4112.509596744376,3030.092690147548
2023-12-19,3661.2422776058966,3393.065788232883,1399.4328198646972,2315.4542059579862,4124.161291540038,3012.874103651748
2023-12-20,3646.6967578685894,3376.2743263383745,1393.57318655116,2313.165448077517,4119.111705042515,3031.050133864187
2023-12-21,3656.739575302984,3388.43787523162,1396.3214321950313,2312.5276178121394,4119.924587633763,3042.419272922524
2023-12-22,3676.013587933495,3392.284687095761,1399.298337081352,2324.0665969986867,4115.916909008155,3052.7423573514907
2023-12-23,3678.1866095859914,3416.2423746875807,1398.876587896996,2331.475759633844,4106.748567372891,3065.4145532159314
2023-12-24,3687.630112654333,3419.734650591112,1392.7639419964275,2317.8306712649132,4089.8020747189194,3067.15788302765
2023-12-25,3687.2282776309353,3408.3109907080734,1396.4455102475663,2318.1951669843684,4087.171936904574,3066.23552402652
2023-12-26,3689.2156112238144,3414.901387025734,1383.381091328353,2323.5891524775816,4094.203329253715,3055.0294760257048
2023-12-27,3681.470775331687,3411.2431176649684,1382.1361842962547,2327.8767362931526,4097.97135922971,3034.89388222181
2023-12-28,3712.6140236706296,3392.250607042686,1380.3294545998754,2327.922139877316,4098.663256396,3032.288645589181
2023-12-29,3698.69392286499,3388.8026219134795,1378.8051697221429,2326.7582062037654,4106.883573324857,3031.1707100201165
2023-12-30,3689.3867936347465,3391.8136471425832,1381.7699348133813,2329.6839299217513,4110.1539471384485,3042.33957379985
2023-12-31,3677.043136419249,3407.2549706846703,1385.2061248855098,2332.931285590954,4117.506172923009,3031.42589946745
2024-01-01,3661.35942981584,3397.7782480556684,1384.5393456560685,2334.0200217405027,4124.515183387129,3021.791767761485
